fonte,palavra_chave,produto,preco,preco_original,tag_promocao,seller,marca,product_id,posicao,rating,reviews,delivery,condicao_anuncio,link,capturado_em,preco_outlier,indice_preco,desconto_percentual,score_preco,score_promo,score_atratividade,score_visibilidade,score_qualidade,score_relevancia
google_shopping,jogo de panelas,"Conjunto Panelas 17 Pc Antiaderente Panela Pressão 4,5L",469.9,,,Amazon.com.br - Seller,,12814145432292779588,1,,,,,"https://www.google.com/search?q=jogo+de+panelas+new&oq=jogo+de+panelas+new&gl=br&hl=pt&udm=28&start=0&uule=w+CAIQICIGQnJhemls#oshopproduct=oid:16648527373983991378,iid:2941293745094364823,pvt:hg,pvo:3&oshop=apv&pvs=0",2025-12-15 08:47:37,False,0.8827562886288066,0.0,1.0,0.0,0.7,1.0,,0.61
google_shopping,jogo de panelas,eirilar Conjunto de Panelas New Pratic 5Pçs,198.42,,,Magazine Luiza,,6560613193467449050,2,4.8,4.0,,,"https://www.google.com/search?q=jogo+de+panelas+new&oq=jogo+de+panelas+new&gl=br&hl=pt&udm=28&start=0&uule=w+CAIQICIGQnJhemls#oshopproduct=gid:3819854864561249695,mid:576462349086425844,oid:2698143430637740602,iid:13542471639119106847,rds:UENfMzgxOTg1NDg2NDU2MTI0OTY5NXxQUk9EX1BDXzM4MTk4NTQ4NjQ1NjEyNDk2OTU=,pvt:hg,pvo:3&oshop=apv&pvs=0",2025-12-15 08:47:37,False,0.3727527192801187,0.0,1.0,0.0,0.7,0.975,0.3347822424785185,0.7004346727435555
google_shopping,jogo de panelas,Conjunto Panelas 17 Pc Antiaderente Panela Pressão 2L,322.9,,,Casas Bahia,,3908041229232981644,3,,,,,"https://www.google.com/search?q=jogo+de+panelas+new&oq=jogo+de+panelas+new&gl=br&hl=pt&udm=28&start=0&uule=w+CAIQICIGQnJhemls#oshopproduct=oid:3802171309712800962,iid:10863452552746473491,pvt:hg,pvo:3&oshop=apv&pvs=0",2025-12-15 08:47:37,False,0.6066014164678477,0.0,1.0,0.0,0.7,0.95,,0.59
google_shopping,jogo de panelas,mimo style Conjunto 5 Panelas Sartin Cook,284.99,385.0,,Amazon,Mimo,15661977005276813336,4,4.8,269.0,,,"https://www.google.com/search?q=jogo+de+panelas+new&oq=jogo+de+panelas+new&gl=br&hl=pt&udm=28&start=0&uule=w+CAIQICIGQnJhemls#oshopproduct=gid:1252936232793630,mid:576462453785477385,oid:14495072301630378897,iid:7854170495859754507,rds:UENfMTI1MjkzNjIzMjc5MzYzMHxQUk9EX1BDXzEyNTI5MzYyMzI3OTM2MzA=,pvt:hg,pvo:3&oshop=apv&pvs=0",2025-12-15 08:47:37,False,0.5353835171234808,0.25976623376623376,1.0,0.8658874458874459,0.9597662337662337,0.925,0.96,0.9459298701298702
google_shopping,jogo de panelas,Jogo de Panelas Ceramic Life Optima Indução 5 Peças Brinox,799.9,,,Havan,Brinox,3467781012653356678,5,4.6,2.0,,,"https://www.google.com/search?q=jogo+de+panelas+new&oq=jogo+de+panelas+new&gl=br&hl=pt&udm=28&start=0&uule=w+CAIQICIGQnJhemls#oshopproduct=gid:3528631778067027047,mid:576462516982153719,oid:4047061719534874506,iid:16617762035581396709,rds:UENfMzUyODYzMTc3ODA2NzAyNzA0N3xQUk9EX1BDXzM1Mjg2MzE3NzgwNjcwMjcwNDc=,pvt:hg,pvo:3&oshop=apv&pvs=0",2025-12-15 08:47:37,False,1.5026957975615713,0.0,0.0,0.0,0.0,0.9,0.2190025811647565,0.425700774349427
google_shopping,jogo de panelas,Conjunto 13 Peças Panelas Antiaderente Teflon Moderno,301.0,,,Magazine Luiza,,16822428485650994885,6,4.6,53.0,,,"https://www.google.com/search?q=jogo+de+panelas+new&oq=jogo+de+panelas+new&gl=br&hl=pt&udm=28&start=0&uule=w+CAIQICIGQnJhemls#oshopproduct=gid:8675016437391860497,mid:576462869878018691,oid:11288259204592484229,iid:15302877446065313197,rds:UENfODY3NTAxNjQzNzM5MTg2MDQ5N3xQUk9EX1BDXzg2NzUwMTY0MzczOTE4NjA0OTc=,pvt:hg,pvo:3&oshop=apv&pvs=0",2025-12-15 08:47:37,False,0.5654599763295824,0.0,1.0,0.0,0.7,0.875,0.7951829880600624,0.7985548964180187
google_shopping,jogo de panelas,Conjunto Panelas 17 Pc Antiaderente Panela Pressão 2 Litros,322.9,,,Casas Bahia,,3640367315258412228,7,,,,,"https://www.google.com/search?q=jogo+de+panelas+new&oq=jogo+de+panelas+new&gl=br&hl=pt&udm=28&start=0&uule=w+CAIQICIGQnJhemls#oshopproduct=oid:12382914583385111597,iid:11386016843963580445,pvt:hg,pvo:3&oshop=apv&pvs=0",2025-12-15 08:47:37,False,0.6066014164678477,0.0,1.0,0.0,0.7,0.85,,0.55
google_shopping,jogo de panelas,Jogo De Panelas Pratic Cook Grafite Indução Mimo Style Cerâmica 10 Peças,283.0,,,Amazon.com.br - Seller,Mimo,328825325924788789,8,,,,,"https://www.google.com/search?q=jogo+de+panelas+new&oq=jogo+de+panelas+new&gl=br&hl=pt&udm=28&start=0&uule=w+CAIQICIGQnJhemls#oshopproduct=gid:16897228215847325671,mid:576462862765779541,oid:16913823178194470959,iid:2339853424340718769,pvt:hg,pvo:3&oshop=apv&pvs=0",2025-12-15 08:47:37,False,0.5316450940241589,0.0,1.0,0.0,0.7,0.825,,0.54
google_shopping,jogo de panelas,Jogo Conjunto Panelas Antiaderente 13 Peças Grandes,281.08,,,Carrefour,,5660991664356394434,9,,,,,"https://www.google.com/search?q=jogo+de+panelas+new&oq=jogo+de+panelas+new&gl=br&hl=pt&udm=28&start=0&uule=w+CAIQICIGQnJhemls#oshopproduct=gid:5588963941690715830,mid:576462794267242117,oid:5276860968714050088,iid:5307055115235782777,pvt:hg,pvo:3&oshop=apv&pvs=0",2025-12-15 08:47:37,False,0.5280381732449138,0.0,1.0,0.0,0.7,0.8,,0.53
google_shopping,jogo de panelas,Jogo De Panelas De Cerâmica Ceraflame New Premiere+ 5 Peças,1208.29,,,Panelas de Cerâmica,Ceraflame,14490724353721423465,10,5.0,4.0,,,"https://www.google.com/search?q=jogo+de+panelas+new&oq=jogo+de+panelas+new&gl=br&hl=pt&udm=28&start=0&uule=w+CAIQICIGQnJhemls#oshopproduct=gid:12682124308275252540,mid:576462518906336640,oid:17938539010403783608,iid:1173480617788669050,rds:UENfMTI2ODIxMjQzMDgyNzUyNTI1NDB8UFJPRF9QQ18xMjY4MjEyNDMwODI3NTI1MjU0MA==,pvt:hg,pvo:3&oshop=apv&pvs=0",2025-12-15 08:47:37,False,2.2698991189344557,0.0,0.0,0.0,0.0,0.775,0.34873150258179014,0.4146194507745371
google_shopping,jogo de panelas,Jogo de Panelas Indução 8 Peças Cook Mármol Mimo Style,722.42,,,Magazine Luiza,Mimo,12599662685758117166,11,5.0,7.0,,,"https://www.google.com/search?q=jogo+de+panelas+new&oq=jogo+de+panelas+new&gl=br&hl=pt&udm=28&start=0&uule=w+CAIQICIGQnJhemls#oshopproduct=gid:10454985542996444308,mid:576462783402703189,oid:12407779872507721321,iid:5235880225703200309,rds:UENfMTA0NTQ5ODU1NDI5OTY0NDQzMDh8UFJPRF9QQ18xMDQ1NDk4NTU0Mjk5NjQ0NDMwOA==,pvt:hg,pvo:3&oshop=apv&pvs=0",2025-12-15 08:47:37,False,1.3571415152824482,0.0,0.2857169694351036,0.0,0.20000187860457252,0.75,0.45057144967106383,0.4951719984826909
google_shopping,jogo de panelas,tramontina Jogo Panelas 13pç Frigideiras Antiaderentes E Panela Pressão,598.4,,,Amazon,Tramontina,17996387351612348708,12,5.0,6.0,,,"https://www.google.com/search?q=jogo+de+panelas+new&oq=jogo+de+panelas+new&gl=br&hl=pt&udm=28&start=0&uule=w+CAIQICIGQnJhemls#oshopproduct=gid:3078542908646168231,mid:576462901103301767,oid:13831320099254053726,iid:7325620694684068425,rds:UENfMzA3ODU0MjkwODY0NjE2ODIzMXxQUk9EX1BDXzMwNzg1NDI5MDg2NDYxNjgyMzE=,pvt:hg,pvo:3&oshop=apv&pvs=0",2025-12-15 08:47:37,False,1.12415697619808,0.0,0.7516860476038398,0.0,0.5261802333226878,0.725,0.4216379923242304,0.5743454676940754
google_shopping,jogo de panelas,Kit 13 Panelas Rose Moderno Sofisticado Antiaderente Teflon,284.99,,,Casas Bahia,,6351103518771937202,13,4.7,1.0,,,"https://www.google.com/search?q=jogo+de+panelas+new&oq=jogo+de+panelas+new&gl=br&hl=pt&udm=28&start=0&uule=w+CAIQICIGQnJhemls#oshopproduct=gid:1168613300452870144,mid:576462523315564568,oid:1617874043209367550,iid:63396869577318047,rds:UENfMTE2ODYxMzMwMDQ1Mjg3MDE0NHxQUk9EX1BDXzExNjg2MTMzMDA0NTI4NzAxNDQ=,pvt:hg,pvo:3&oshop=apv&pvs=0",2025-12-15 08:47:37,False,0.5353835171234808,0.0,1.0,0.0,0.7,0.7,0.14117905423026667,0.53235371626908
google_shopping,jogo de panelas,mta Conjunto De Panelas Titanium 3 Peças,693.4,,,Leroy Merlin,Mta,12350100299772065234,14,4.9,30.0,,,"https://www.google.com/search?q=jogo+de+panelas+new&oq=jogo+de+panelas+new&gl=br&hl=pt&udm=28&start=0&uule=w+CAIQICIGQnJhemls#oshopproduct=gid:5617742149027013080,mid:576462846672616824,oid:3372558559676383305,iid:17420758134053399723,rds:UENfNTYxNzc0MjE0OTAyNzAxMzA4MHxQUk9EX1BDXzU2MTc3NDIxNDkwMjcwMTMwODA=,pvt:hg,pvo:3&oshop=apv&pvs=0",2025-12-15 08:47:37,False,1.3026244105878155,0.0,0.39475117882436894,0.0,0.2763258251770582,0.675,0.7291916750851766,0.5716552500786705
google_shopping,jogo de panelas,Conjunto de Panelas Indução Cerâmica Antiaderente New York Cabo Silico,339.9,,,Magazine Luiza,,,15,5.0,7.0,,,"https://www.google.com/search?q=jogo+de+panelas+new&oq=jogo+de+panelas+new&gl=br&hl=pt&udm=28&start=0&uule=w+CAIQICIGQnJhemls#oshopproduct=oid:11717960092750117334,iid:4466264541581626701,rds:UENfMTczODgwODczNzg3NDY1MjkzOTZ8UFJPRF9QQ18xNzM4ODA4NzM3ODc0NjUyOTM5Ng==,pvt:hg,pvo:3&oshop=apv&pvs=0",2025-12-15 08:47:37,False,0.6385376942007477,0.0,1.0,0.0,0.7,0.65,0.45057144967106383,0.6051714349013191
google_shopping,jogo de panelas,Jogo de Panelas Versalhes Hauskraft Azul 5 Peças,499.9,,,Amazon,Hauskraft,18158675301276363264,16,4.2,4.0,,,"https://www.google.com/search?q=jogo+de+panelas+new&oq=jogo+de+panelas+new&gl=br&hl=pt&udm=28&start=0&uule=w+CAIQICIGQnJhemls#oshopproduct=gid:11559976663817573863,mid:576462849499427267,oid:5406488454760949464,iid:7337432103672767276,rds:UENfMTE1NTk5NzY2NjM4MTc1NzM4NjN8UFJPRF9QQ18xMTU1OTk3NjY2MzgxNzU3Mzg2Mw==,pvt:hg,pvo:3&oshop=apv&pvs=0",2025-12-15 08:47:37,False,0.9391144258045124,0.0,1.0,0.0,0.7,0.625,0.2929344621687037,0.5478803386506111
google_shopping,jogo de panelas,Jogo De Panelas 10 Peças Jeans Brinox,448.8,,,Extra.com.br,Brinox,4737279135322556317,17,5.0,2.0,,,"https://www.google.com/search?q=jogo+de+panelas+new&oq=jogo+de+panelas+new&gl=br&hl=pt&udm=28&start=0&uule=w+CAIQICIGQnJhemls#oshopproduct=gid:11492639980185279382,mid:576462867359744683,oid:10402862722702507088,iid:6294339428316128690,rds:UENfMTE0OTI2Mzk5ODAxODUyNzkzODJ8UFJPRF9QQ18xMTQ5MjYzOTk4MDE4NTI3OTM4Mg==,pvt:hg,pvo:3&oshop=apv&pvs=0",2025-12-15 08:47:37,False,0.8431177321485601,0.0,1.0,0.0,0.7,0.6,0.23804628387473534,0.5214138851624206
google_shopping,jogo de panelas,Jogo Panela 10 Peças Revestimento Ceramico Marmore Fratelli,283.25,,,Casas Bahia,Fratelli,5374369071843454599,18,,,,,"https://www.google.com/search?q=jogo+de+panelas+new&oq=jogo+de+panelas+new&gl=br&hl=pt&udm=28&start=0&uule=w+CAIQICIGQnJhemls#oshopproduct=gid:10265755127033311465,mid:576462823367823000,oid:13820780789697135729,iid:3954973420678232261,pvt:hg,pvo:3&oshop=apv&pvs=0",2025-12-15 08:47:37,False,0.5321147451672897,0.0,1.0,0.0,0.7,0.575,,0.43999999999999995
google_shopping,jogo de panelas,Kit Jogo De Panelas com Revestimento Cerâmico 10 Peças Indução Mimo Style,559.99,,,Carrefour,Mimo,18172107010999219282,19,4.5,42.0,,,"https://www.google.com/search?q=jogo+de+panelas+new&oq=jogo+de+panelas+new&gl=br&hl=pt&udm=28&start=0&uule=w+CAIQICIGQnJhemls#oshopproduct=gid:264201375905893937,mid:576462774759240687,oid:98857825694463585,iid:8822159927388302553,rds:UENfMjY0MjAxMzc1OTA1ODkzOTM3fFBST0RfUENfMjY0MjAxMzc1OTA1ODkzOTM3,pvt:hg,pvo:3&oshop=apv&pvs=0",2025-12-15 08:47:37,False,1.0519997745674514,0.0,0.8960004508650972,0.0,0.627200315605568,0.55,0.7334759930475372,0.6282028925959315
google_shopping,jogo de panelas,Jogo De Panela Cerâmica Antiaderente Indução 14 Peças Duralar,895.94,,,Amazon.com.br - Seller,,,20,,,,,"https://www.google.com/search?q=jogo+de+panelas+new&oq=jogo+de+panelas+new&gl=br&hl=pt&udm=28&start=0&uule=w+CAIQICIGQnJhemls#oshopproduct=oid:17525298052433247380,iid:10679282686294941027,pvt:hg,pvo:3&oshop=apv&pvs=0",2025-12-15 08:47:37,False,1.6831169807067312,0.0,0.0,0.0,0.0,0.525,,0.21000000000000002
google_shopping,jogo de panelas,mimo style Jogo De Panelas Completo 11 Pç Cerâmico Indução,1489.63,,,Magazine Luiza,Mimo,3508142616222389956,21,,,,,"https://www.google.com/search?q=jogo+de+panelas+new&oq=jogo+de+panelas+new&gl=br&hl=pt&udm=28&start=0&uule=w+CAIQICIGQnJhemls#oshopproduct=gid:12433536860150805238,mid:576462863446896258,oid:2477817269181137550,iid:7141232980659670096,pvt:hg,pvo:3&oshop=apv&pvs=0",2025-12-15 08:47:37,False,2.7984257293682258,0.0,0.0,0.0,0.0,0.5,,0.2
google_shopping,jogo de panelas,Conjunto New Pratic 5 peças,291.8,,,cozinet.com.br,,11525365322747387503,22,,,,,"https://www.google.com/search?q=jogo+de+panelas+new&oq=jogo+de+panelas+new&gl=br&hl=pt&udm=28&start=0&uule=w+CAIQICIGQnJhemls#oshopproduct=gid:17492762698527293600,mid:576462829173226003,oid:2393257575067055133,iid:17288749082395070363,pvt:hg,pvo:3&oshop=apv&pvs=0",2025-12-15 08:47:37,False,0.548176814262366,0.0,1.0,0.0,0.7,0.475,,0.4
google_shopping,jogo de panelas,imperial Conjunto 13 Peças Panelas Frigideiras Assadeiras Teflon,284.99,,,Casas Bahia,,4261448744832978737,23,3.0,1.0,,,"https://www.google.com/search?q=jogo+de+panelas+new&oq=jogo+de+panelas+new&gl=br&hl=pt&udm=28&start=0&uule=w+CAIQICIGQnJhemls#oshopproduct=gid:125594410836464152,mid:576462782297345637,oid:7510642863801699169,iid:11478981861617015141,rds:UENfMTI1NTk0NDEwODM2NDY0MTUyfFBST0RfUENfMTI1NTk0NDEwODM2NDY0MTUy,pvt:hg,pvo:3&oshop=apv&pvs=0",2025-12-15 08:47:37,False,0.5353835171234808,0.0,1.0,0.0,0.7,0.45,0.09011428993421276,0.41703428698026385
google_shopping,jogo de panelas,Jogo De Panelas Antiaderente Oxford Everyday Azul 4 Peças Com Alumínio Indução,549.0,,,Amazon.com.br - Seller,Oxford,10071678660042630103,24,5.0,5.0,,,"https://www.google.com/search?q=jogo+de+panelas+new&oq=jogo+de+panelas+new&gl=br&hl=pt&udm=28&start=0&uule=w+CAIQICIGQnJhemls#oshopproduct=gid:1426300218711467450,mid:576462491374255842,oid:8026521571845158108,iid:13220738468018960008,rds:UENfMTQyNjMwMDIxODcxMTQ2NzQ1MHxQUk9EX1BDXzE0MjYzMDAyMTg3MTE0Njc0NTA=,pvt:hg,pvo:3&oshop=apv&pvs=0",2025-12-15 08:47:37,False,1.031353910315418,0.0,0.9372921793691642,0.0,0.6561045255584149,0.425,0.38823676709842325,0.4833023877970515
google_shopping,jogo de panelas,Conjunto Panelas 17 Pc Antiaderente Panela Pressão 2 L,322.9,,,Pontofrio.com,,3364944465189002739,25,,,,,"https://www.google.com/search?q=jogo+de+panelas+new&oq=jogo+de+panelas+new&gl=br&hl=pt&udm=28&start=0&uule=w+CAIQICIGQnJhemls#oshopproduct=gid:4556580993530864780,mid:576462829538255498,oid:9009611242515066341,iid:15236546782550396343,pvt:hg,pvo:3&oshop=apv&pvs=0",2025-12-15 08:47:37,False,0.6066014164678477,0.0,1.0,0.0,0.7,0.4,,0.37
google_shopping,jogo de panelas,euro home Jogo de Panelas 4 Pçs Antiaderente Indução Cabo Removível,710.34,,,Carrefour,Euro,13534818023049291198,26,4.9,31.0,,,"https://www.google.com/search?q=jogo+de+panelas+new&oq=jogo+de+panelas+new&gl=br&hl=pt&udm=28&start=0&uule=w+CAIQICIGQnJhemls#oshopproduct=gid:14904092164709053534,mid:576462859089135723,oid:15960543713770923244,iid:14509408047952168038,rds:UENfMTQ5MDQwOTIxNjQ3MDkwNTM1MzR8UFJPRF9QQ18xNDkwNDA5MjE2NDcwOTA1MzUzNA==,pvt:hg,pvo:3&oshop=apv&pvs=0",2025-12-15 08:47:37,False,1.3344479720463642,0.0,0.33110405590727154,0.0,0.23177283913509006,0.375,0.735933367796071,0.44031186207934836
google_shopping,jogo de panelas,Conjunto De Panelas 8 Peças Elegan,149.88,,,Magazine Luiza,,11503361779762675268,27,4.5,550.0,,,"https://www.google.com/search?q=jogo+de+panelas+new&oq=jogo+de+panelas+new&gl=br&hl=pt&udm=28&start=0&uule=w+CAIQICIGQnJhemls#oshopproduct=gid:6633242875569090363,mid:576462525322031883,oid:15468741536480856511,iid:16087460466653147632,rds:UENfNjYzMzI0Mjg3NTU2OTA5MDM2M3xQUk9EX1BDXzY2MzMyNDI4NzU1NjkwOTAzNjM=,pvt:hg,pvo:3&oshop=apv&pvs=0",2025-12-15 08:47:37,False,0.2815652533298266,0.0,1.0,0.0,0.7,0.35,0.9,0.62
google_shopping,jogo de panelas,vista home Jogo de Panelas Antiaderente Com Revestimento em Cerâmica,726.0,,,Amazon,,8850541559969408710,28,,,,,"https://www.google.com/search?q=jogo+de+panelas+new&oq=jogo+de+panelas+new&gl=br&hl=pt&udm=28&start=0&uule=w+CAIQICIGQnJhemls#oshopproduct=gid:9224156197683640027,mid:576462834490434394,oid:4198653150322380147,iid:8849912013065230060,pvt:hg,pvo:3&oshop=apv&pvs=0",2025-12-15 08:47:37,False,1.3638669196520825,0.0,0.272266160695835,0.0,0.19058631248708446,0.325,,0.18717589374612534
google_shopping,jogo de panelas,Jogo de Panelas Home Style By Tognana Steel Marble | HOME STYLE BY TOGNANA | VERMELHO,499.99,,,Camicado,,,29,,,,,"https://www.google.com/search?q=jogo+de+panelas+new&oq=jogo+de+panelas+new&gl=br&hl=pt&udm=28&start=0&uule=w+CAIQICIGQnJhemls#oshopproduct=oid:8307881536151135918,iid:8293988950566820922,pvt:hg,pvo:3&oshop=apv&pvs=0",2025-12-15 08:47:37,False,0.9392835002160397,0.0,1.0,0.0,0.7,0.3,,0.32999999999999996
google_shopping,jogo de panelas,Jogo de Panelas de Cerâmica New Premier Joy 5 Peças Ceraflame,1553.88,,,Primolare,Ceraflame,6602831692174635152,30,,,,,"https://www.google.com/search?q=jogo+de+panelas+new&oq=jogo+de+panelas+new&gl=br&hl=pt&udm=28&start=0&uule=w+CAIQICIGQnJhemls#oshopproduct=gid:13677930441241308023,mid:576462840833764209,oid:1451124273971964897,iid:11071763521085914305,pvt:hg,pvo:3&oshop=apv&pvs=0",2025-12-15 08:47:37,True,2.9191260731528628,0.0,0.0,0.0,0.0,0.275,,0.11000000000000001
google_shopping,jogo de panelas,Jogo De Panelas Com 10 Peças Mimo Style Pratic Cook,434.9,,,InPower,Mimo,5628750052989744357,31,4.8,137.0,,,"https://www.google.com/search?q=jogo+de+panelas+new&oq=jogo+de+panelas+new&gl=br&hl=pt&udm=28&start=0&uule=w+CAIQICIGQnJhemls#oshopproduct=gid:1690136258909907553,mid:576462841054020499,oid:4952778372107175360,iid:6527074898237935640,rds:UENfMTY5MDEzNjI1ODkwOTkwNzU1M3xQUk9EX1BDXzE2OTAxMzYyNTg5MDk5MDc1NTM=,pvt:hg,pvo:3&oshop=apv&pvs=0",2025-12-15 08:47:37,False,0.817005128590483,0.0,1.0,0.0,0.7,0.25,0.96,0.598
google_shopping,jogo de panelas,genebra Jogo De Panelas 23 Peças Antiaderente Lançamento Exclusiva,1825.74,,,Magazine Luiza,,15544219916806572301,32,,,,,"https://www.google.com/search?q=jogo+de+panelas+new&oq=jogo+de+panelas+new&gl=br&hl=pt&udm=28&start=0&uule=w+CAIQICIGQnJhemls#oshopproduct=gid:12633369436035298819,mid:576462670138330166,oid:9144365419768149008,iid:15175334973388388849,pvt:hg,pvo:3&oshop=apv&pvs=0",2025-12-15 08:47:37,True,3.4298435122391093,0.0,0.0,0.0,0.0,0.225,,0.09000000000000001
google_shopping,jogo de panelas,Jogo de Panelas 5 Peças Magnific Grafite Antiaderente Panelux,199.69,,,Amazon.com.br - Seller,Panelux,11139237647647394076,33,4.5,49.0,,,"https://www.google.com/search?q=jogo+de+panelas+new&oq=jogo+de+panelas+new&gl=br&hl=pt&udm=28&start=0&uule=w+CAIQICIGQnJhemls#oshopproduct=gid:8451992786594841771,mid:576462842116452736,oid:17175386601050082453,iid:18423430618789083337,rds:UENfODQ1MTk5Mjc4NjU5NDg0MTc3MXxQUk9EX1BDXzg0NTE5OTI3ODY1OTQ4NDE3NzE=,pvt:hg,pvo:3&oshop=apv&pvs=0",2025-12-15 08:47:37,False,0.37513854708722366,0.0,1.0,0.0,0.7,0.2,0.7628881395485414,0.5188664418645624
google_shopping,jogo de panelas,Jogo de Panelas 5 Peças Revestimento Cerâmico Titanium Premium – MTA,1011.91,,,Casas Bahia,Mta,9259310387808696165,34,5.0,202.0,,,"https://www.google.com/search?q=jogo+de+panelas+new&oq=jogo+de+panelas+new&gl=br&hl=pt&udm=28&start=0&uule=w+CAIQICIGQnJhemls#oshopproduct=gid:9720814622822921062,mid:576462845907014863,oid:15576295547207262304,iid:4158712719896507164,rds:UENfOTcyMDgxNDYyMjgyMjkyMTA2MnxQUk9EX1BDXzk3MjA4MTQ2MjI4MjI5MjEwNjI=,pvt:hg,pvo:3&oshop=apv&pvs=0",2025-12-15 08:47:37,False,1.9009787529822848,0.0,0.0,0.0,0.0,0.175,1.0,0.37
google_shopping,jogo de panelas,Conjunto De Panelas New Range Granito 11 Pçs.- Preto / Dudc0112n,5057.85,,,seaandcherry.com,,,35,,,,,"https://www.google.com/search?q=jogo+de+panelas+new&oq=jogo+de+panelas+new&gl=br&hl=pt&udm=28&start=0&uule=w+CAIQICIGQnJhemls#oshopproduct=oid:9613201102091841007,iid:1525655373678598427,pvt:hg,pvo:3&oshop=apv&pvs=0",2025-12-15 08:47:37,True,9.501700137138135,0.0,0.0,0.0,0.0,0.15,,0.06
google_shopping,jogo de panelas,Jogo de Panelas Vanilla Ceramic Life Brinox Smart Plus 8 Peças,765.6,,,Pontofrio.com,Brinox,12062593388862834214,36,4.6,619.0,,,"https://www.google.com/search?q=jogo+de+panelas+new&oq=jogo+de+panelas+new&gl=br&hl=pt&udm=28&start=0&uule=w+CAIQICIGQnJhemls#oshopproduct=gid:9166530009722500421,mid:576462839717442166,oid:11379437449489556256,iid:2865225241478347522,rds:UENfOTE2NjUzMDAwOTcyMjUwMDQyMXxQUk9EX1BDXzkxNjY1MzAwMDk3MjI1MDA0MjE=,pvt:hg,pvo:3&oshop=apv&pvs=0",2025-12-15 08:47:37,False,1.4382596607240143,0.0,0.12348067855197131,0.0,0.08643647498637991,0.125,0.9199999999999999,0.35193094249591395
google_shopping,jogo de panelas,Jogo de Panelas Antiaderente Ceramic Life 4 Peças Sirius com Indução Preto Brinox,709.9,,,Amazon.com.br - Seller,Brinox,15650277549791579046,37,4.2,13.0,,,"https://www.google.com/search?q=jogo+de+panelas+new&oq=jogo+de+panelas+new&gl=br&hl=pt&udm=28&start=0&uule=w+CAIQICIGQnJhemls#oshopproduct=gid:385054770653985553,mid:576462867537930179,oid:12896419126445324190,iid:4612920976645704859,rds:UENfMzg1MDU0NzcwNjUzOTg1NTUzfFBST0RfUENfMzg1MDU0NzcwNjUzOTg1NTUz,pvt:hg,pvo:3&oshop=apv&pvs=0",2025-12-15 08:47:37,False,1.3336213860344537,0.0,0.33275722793109264,0.0,0.23293005955176482,0.1,0.4803359194602514,0.25397979370360485
google_shopping,jogo de panelas,Kit 13 Panelas Preto Moderno Sofisticado Antiaderente,301.0,,,Magazine Luiza,,3630585584365157570,38,,,,,"https://www.google.com/search?q=jogo+de+panelas+new&oq=jogo+de+panelas+new&gl=br&hl=pt&udm=28&start=0&uule=w+CAIQICIGQnJhemls#oshopproduct=gid:2105239945604050285,mid:576462808320258314,oid:14191593978522980904,iid:7461572819871702665,pvt:hg,pvo:3&oshop=apv&pvs=0",2025-12-15 08:47:37,False,0.5654599763295824,0.0,1.0,0.0,0.7,0.075,,0.24
google_shopping,jogo de panelas,"Jogo de Panelas Home Style By Tognana Jungle Black | HOME STYLE BY TOGNANA | PRETO | 5,5 L",599.99,,,Camicado,,,39,,,,,"https://www.google.com/search?q=jogo+de+panelas+new&oq=jogo+de+panelas+new&gl=br&hl=pt&udm=28&start=0&uule=w+CAIQICIGQnJhemls#oshopproduct=oid:8409259922443141445,iid:10912626918211363531,pvt:hg,pvo:3&oshop=apv&pvs=0",2025-12-15 08:47:37,False,1.1271439574683926,0.0,0.7457120850632148,0.0,0.5219984595442504,0.05,,0.1765995378632751
google_shopping,jogo de panelas,casambiente Jogo de Panelas de Indução Cerâmico Miami Verde 5 Peças,436.96,,,Casas Bahia,Casambiente,12476403739950100830,40,4.8,42.0,,,"https://www.google.com/search?q=jogo+de+panelas+new&oq=jogo+de+panelas+new&gl=br&hl=pt&udm=28&start=0&uule=w+CAIQICIGQnJhemls#oshopproduct=gid:1797319428927382075,mid:576462859005613772,oid:12706347153961759571,iid:11823821658819676602,rds:UENfMTc5NzMxOTQyODkyNzM4MjA3NXxQUk9EX1BDXzE3OTczMTk0Mjg5MjczODIwNzU=,pvt:hg,pvo:3&oshop=apv&pvs=0",2025-12-15 08:47:37,False,0.8208750540098815,0.0,1.0,0.0,0.7,0.025,0.7823743925840396,0.45471231777521187
google_shopping,jogo de panelas,neoflam Jogo de Panelas Fika Indução 5 Peças,1999.0,,,Leroy Merlin,Neoflam,8443207777699860634,1,4.8,61.0,,,"https://www.google.com/search?q=jogo+de+panelas+new&oq=jogo+de+panelas+new&gl=br&hl=pt&udm=28&start=40&uule=w+CAIQICIGQnJhemls#oshopproduct=gid:5603946168266047018,mid:576462790278347777,oid:15082474125214509567,iid:17593518756427672144,rds:UENfNTYwMzk0NjE2ODI2NjA0NzAxOHxQUk9EX1BDXzU2MDM5NDYxNjgyNjYwNDcwMTg=,pvt:hg,pvo:3&oshop=apv&pvs=0",2025-12-15 08:47:37,True,3.755330540474536,0.0,0.0,0.0,0.0,1.0,0.8584930762230766,0.657547922866923
google_shopping,jogo de panelas,Conjunto Panelas 5 Peças Cerâmica Balança Digital Cappuccino Neuhaus,532.31,,,Magazine Luiza,,2331114131198957384,2,,,,,"https://www.google.com/search?q=jogo+de+panelas+new&oq=jogo+de+panelas+new&gl=br&hl=pt&udm=28&start=40&uule=w+CAIQICIGQnJhemls#oshopproduct=gid:17097123450516067153,mid:576462800663550468,oid:1992666794210202430,iid:10510732731636260994,pvt:hg,pvo:3&oshop=apv&pvs=0",2025-12-15 08:47:37,False,1.0,0.0,1.0,0.0,0.7,0.975,,0.6
google_shopping,jogo de panelas,Jogo de panelas de alumínio com revestimento interno de antiaderente 5 peças 20298/661 | Lojas Estrela,300.0,,,Lojas Estrela,,,3,4.9,1.0,,,"https://www.google.com/search?q=jogo+de+panelas+new&oq=jogo+de+panelas+new&gl=br&hl=pt&udm=28&start=40&uule=w+CAIQICIGQnJhemls#oshopproduct=oid:16324431440029435380,iid:18271297109294444559,rds:UENfMTI2NzI2OTA3NTIzODM0MzMxODJ8UFJPRF9QQ18xMjY3MjY5MDc1MjM4MzQzMzE4Mg==,pvt:hg,pvo:3&oshop=apv&pvs=0",2025-12-15 08:47:37,False,0.5635813717570589,0.0,1.0,0.0,0.7,0.95,0.1471866735592142,0.6341560020677642
google_shopping,jogo de panelas,"Conjunto de Panelas 5 Peças Multiflon Eté com Revestimento Antiaderente Ultra7, Fundo de Indução e Tampas com Saída de Vapor - Verde",1799.9,,,Smiles,,,4,,,,,"https://www.google.com/search?q=jogo+de+panelas+new&oq=jogo+de+panelas+new&gl=br&hl=pt&udm=28&start=40&uule=w+CAIQICIGQnJhemls#oshopproduct=oid:10974983925084154992,iid:8254235728667618391,pvt:hg,pvo:3&oshop=apv&pvs=0",2025-12-15 08:47:37,True,3.381300370085101,0.0,0.0,0.0,0.0,0.925,,0.37000000000000005
google_shopping,jogo de panelas,Conjunto De Panelas Fetti Yaizu 5 Peças Antiaderente Indução,1261.33,,,Casas Bahia,,14342373702829271458,5,,,,,"https://www.google.com/search?q=jogo+de+panelas+new&oq=jogo+de+panelas+new&gl=br&hl=pt&udm=28&start=40&uule=w+CAIQICIGQnJhemls#oshopproduct=gid:5154859113582998696,mid:576462847614309630,oid:8653907598017814368,iid:1743876775859090772,pvt:hg,pvo:3&oshop=apv&pvs=0",2025-12-15 08:47:37,False,2.3695403054611037,0.0,0.0,0.0,0.0,0.9,,0.36000000000000004
google_shopping,jogo de panelas,Conjunto De Panelas 5 Peças / Mastermaid Biodiamond - Abpp5913 (Creme),3645.01,,,seaandcherry.com,,,6,,,,,"https://www.google.com/search?q=jogo+de+panelas+new&oq=jogo+de+panelas+new&gl=br&hl=pt&udm=28&start=40&uule=w+CAIQICIGQnJhemls#oshopproduct=oid:7352706603527538988,iid:15897746864418027211,pvt:hg,pvo:3&oshop=apv&pvs=0",2025-12-15 08:47:37,True,6.847532452893992,0.0,0.0,0.0,0.0,0.875,,0.35000000000000003
google_shopping,jogo de panelas,Kit Panelas Coloridas E Resistentes Cor Rosa Presente - Blackwatch,1269.66,,,Magazine Luiza,,17405180561134850559,7,,,,,"https://www.google.com/search?q=jogo+de+panelas+new&oq=jogo+de+panelas+new&gl=br&hl=pt&udm=28&start=40&uule=w+CAIQICIGQnJhemls#oshopproduct=gid:2327372442473598344,mid:576462836123384529,oid:6328744388188570384,iid:15107160653261847601,pvt:hg,pvo:3&oshop=apv&pvs=0",2025-12-15 08:47:37,False,2.385189081550225,0.0,0.0,0.0,0.0,0.85,,0.34
google_shopping,jogo de panelas,Jogo de Panelas MTA 5 Peças Safira Cereja,190.55,,,Magazine Luiza,Mta,9939570261176997678,8,5.0,5.0,,,"https://www.google.com/search?q=jogo+de+panelas+new&oq=jogo+de+panelas+new&gl=br&hl=pt&udm=28&start=40&uule=w+CAIQICIGQnJhemls#oshopproduct=gid:33699441799687213,oid:1656120989029246543,iid:243134453830723055,rds:UENfMzM2OTk0NDE3OTk2ODcyMTN8UFJPRF9QQ18zMzY5OTQ0MTc5OTY4NzIxMw==,pvt:hg,pvo:3&oshop=apv&pvs=0",2025-12-15 08:47:37,False,0.35796810129435863,0.0,1.0,0.0,0.7,0.825,0.38823676709842325,0.656471030129527
google_shopping,jogo de panelas,Jogo de Panelas em Alumínio Granito 17 Peças - AG9065,1614.05,,,dsloja.com.br,,,9,,,,,"https://www.google.com/search?q=jogo+de+panelas+new&oq=jogo+de+panelas+new&gl=br&hl=pt&udm=28&start=40&uule=w+CAIQICIGQnJhemls#oshopproduct=oid:5331898429898845570,iid:7712837479981068101,pvt:hg,pvo:3&oshop=apv&pvs=0",2025-12-15 08:47:37,True,3.032161710281603,0.0,0.0,0.0,0.0,0.8,,0.32000000000000006
google_shopping,jogo de panelas,Jogo De Panelas 5 Peças Vanilla Em Alumínio E Revestimento Cerâmico Antiaderente Ceramic Life Brinox,372.68,,,Extra.com.br,Brinox,,10,,,,,"https://www.google.com/search?q=jogo+de+panelas+new&oq=jogo+de+panelas+new&gl=br&hl=pt&udm=28&start=40&uule=w+CAIQICIGQnJhemls#oshopproduct=oid:2820123987539739602,iid:4194690166425829452,pvt:hg,pvo:3&oshop=apv&pvs=0",2025-12-15 08:47:37,False,0.700118352088069,0.0,1.0,0.0,0.7,0.775,,0.52
google_shopping,jogo de panelas,Jogo De Panelas Brinox Cerâmico,759.9,,,Pontofrio.com,Brinox,818981435617389982,11,5.0,8.0,,,"https://www.google.com/search?q=jogo+de+panelas+new&oq=jogo+de+panelas+new&gl=br&hl=pt&udm=28&start=40&uule=w+CAIQICIGQnJhemls#oshopproduct=gid:11542074888733007982,mid:576462502481920837,oid:16419526145884145041,iid:17397347772521497474,rds:UENfMTE1NDIwNzQ4ODg3MzMwMDc5ODJ8UFJPRF9QQ18xMTU0MjA3NDg4ODczMzAwNzk4Mg==,pvt:hg,pvo:3&oshop=apv&pvs=0",2025-12-15 08:47:37,False,1.4275516146606302,0.0,0.14489677067873963,0.0,0.10142773947511774,0.75,0.4760925677494707,0.4732560921673765
google_shopping,jogo de panelas,Conjunto de Panelas Brinox 4 Peças Com Fundo de Indução Ceramic Life Coast,759.91,,,Das Haus Store,Brinox,11677826007371921550,12,4.6,5.0,,,"https://www.google.com/search?q=jogo+de+panelas+new&oq=jogo+de+panelas+new&gl=br&hl=pt&udm=28&start=40&uule=w+CAIQICIGQnJhemls#oshopproduct=gid:6627268738219127930,mid:576462458945795956,oid:3049163612619146592,iid:1242769563144580326,rds:UENfNjYyNzI2ODczODIxOTEyNzkzMHxQUk9EX1BDXzY2MjcyNjg3MzgyMTkxMjc5MzA=,pvt:hg,pvo:3&oshop=apv&pvs=0",2025-12-15 08:47:37,False,1.4275704007063554,0.0,0.14485919858728913,0.0,0.10140143901110238,0.725,0.35717782573054935,0.42757377942249547
google_shopping,jogo de panelas,Conjunto De Panelas Antiaderente 10 Peças Teflon Linha Coffe Essenza Di Chef,224.9,,,Essenza Di Chef,,13169074402706377310,13,,,,,"https://www.google.com/search?q=jogo+de+panelas+new&oq=jogo+de+panelas+new&gl=br&hl=pt&udm=28&start=40&uule=w+CAIQICIGQnJhemls#oshopproduct=gid:14500895090766410567,mid:576462859473364790,oid:12461751551299811222,iid:8696481300302523392,pvt:hg,pvo:3&oshop=apv&pvs=0",2025-12-15 08:47:37,False,0.4224981683605418,0.0,1.0,0.0,0.7,0.7,,0.49
google_shopping,jogo de panelas,marpal Conjunto de Panelas Antiaderente Rosa 5 peças + 3 utensílios,152.11,,,Casas Bahia,,9558619677995624366,14,4.5,453.0,,,"https://www.google.com/search?q=jogo+de+panelas+new&oq=jogo+de+panelas+new&gl=br&hl=pt&udm=28&start=40&uule=w+CAIQICIGQnJhemls#oshopproduct=gid:5541920099927545859,mid:576462874188347283,oid:12342799382431289833,iid:8152124946105768778,rds:UENfNTU0MTkyMDA5OTkyNzU0NTg1OXxQUk9EX1BDXzU1NDE5MjAwOTk5Mjc1NDU4NTk=,pvt:hg,pvo:3&oshop=apv&pvs=0",2025-12-15 08:47:37,False,0.2857545415265541,0.0,1.0,0.0,0.7,0.675,0.9,0.75
google_shopping,jogo de panelas,atena Conjunto Panelas Antiaderentes Cor Preta Presente Amigo,1165.85,,,Magazine Luiza,,14179774023013829875,15,,,,,"https://www.google.com/search?q=jogo+de+panelas+new&oq=jogo+de+panelas+new&gl=br&hl=pt&udm=28&start=40&uule=w+CAIQICIGQnJhemls#oshopproduct=gid:11348267987038101178,mid:576462834487879146,oid:1884129946074399074,iid:8619648684272245054,pvt:hg,pvo:3&oshop=apv&pvs=0",2025-12-15 08:47:37,False,2.190171140876557,0.0,0.0,0.0,0.0,0.65,,0.26
google_shopping,jogo de panelas,casambiente Jogo Panelas Indução Cerâmica Chicago 4 Peças,429.9,500.0,,Amazon,Casambiente,13538153258210647999,16,4.7,19.0,,,"https://www.google.com/search?q=jogo+de+panelas+new&oq=jogo+de+panelas+new&gl=br&hl=pt&udm=28&start=40&uule=w+CAIQICIGQnJhemls#oshopproduct=gid:11085773776455920088,mid:576462873867833109,oid:10941219983717500556,iid:15213075511642986542,rds:UENfMTEwODU3NzM3NzY0NTU5MjAwODh8UFJPRF9QQ18xMTA4NTc3Mzc3NjQ1NTkyMDA4OA==,pvt:hg,pvo:3&oshop=apv&pvs=0",2025-12-15 08:47:37,False,0.8076121057278653,0.14020000000000005,1.0,0.4673333333333335,0.8402000000000001,0.625,0.610165720887416,0.6851097162662247
google_shopping,jogo de panelas,Conjunto Panelas Antiaderentes Cor Azul Bebê Presente Amigo,1155.57,,,Magazine Luiza,,4502502009461793385,17,,,,,"https://www.google.com/search?q=jogo+de+panelas+new&oq=jogo+de+panelas+new&gl=br&hl=pt&udm=28&start=40&uule=w+CAIQICIGQnJhemls#oshopproduct=oid:3174085912794897726,iid:6239806155846157475,pvt:hg,pvo:3&oshop=apv&pvs=0",2025-12-15 08:47:37,False,2.1708590858710153,0.0,0.0,0.0,0.0,0.6,,0.24
google_shopping,jogo de panelas,Conjunto Panelas Jaguar 8pcs Indução Casa Ambiente,642.6,,,Casas Bahia,Casa Ambiente,2773811745730814308,18,,,,,"https://www.google.com/search?q=jogo+de+panelas+new&oq=jogo+de+panelas+new&gl=br&hl=pt&udm=28&start=40&uule=w+CAIQICIGQnJhemls#oshopproduct=gid:7248656383275820051,mid:576462843067871582,oid:643113131413542070,iid:13118238435439493604,pvt:hg,pvo:3&oshop=apv&pvs=0",2025-12-15 08:47:37,False,1.2071912983036202,0.0,0.5856174033927597,0.0,0.4099321823749318,0.575,,0.3529796547124795
google_shopping,jogo de panelas,pratika Jogo De Panela 5peças fundo Triplo De Indução Fascino,341.81,,,Konzen,,939447658200103906,19,5.0,7.0,,,"https://www.google.com/search?q=jogo+de+panelas+new&oq=jogo+de+panelas+new&gl=br&hl=pt&udm=28&start=40&uule=w+CAIQICIGQnJhemls#oshopproduct=gid:3887616429776024214,mid:576462809437249591,oid:11835667459671518260,iid:6741561297990753182,rds:UENfMzg4NzYxNjQyOTc3NjAyNDIxNHxQUk9EX1BDXzM4ODc2MTY0Mjk3NzYwMjQyMTQ=,pvt:hg,pvo:3&oshop=apv&pvs=0",2025-12-15 08:47:37,False,0.6421258289342677,0.0,1.0,0.0,0.7,0.55,0.45057144967106383,0.5651714349013192
google_shopping,jogo de panelas,CJ. PANELAS FIKA 5 PCS INDUCAO FLAMINGO,2921.25,,,Amare presentes,,,20,,,,,"https://www.google.com/search?q=jogo+de+panelas+new&oq=jogo+de+panelas+new&gl=br&hl=pt&udm=28&start=40&uule=w+CAIQICIGQnJhemls#oshopproduct=oid:8345799424231587219,iid:3173623578963570642,pvt:hg,pvo:3&oshop=apv&pvs=0",2025-12-15 08:47:37,True,5.487873607484361,0.0,0.0,0.0,0.0,0.525,,0.21000000000000002
google_shopping,jogo de panelas,"Conjunto de Panelas Antiaderente Marpal 06 Peças Original, Roxo",219.0,,,Magazine Luiza,,,21,4.6,945.0,,,"https://www.google.com/search?q=jogo+de+panelas+new&oq=jogo+de+panelas+new&gl=br&hl=pt&udm=28&start=40&uule=w+CAIQICIGQnJhemls#oshopproduct=oid:68668294934684593,iid:7020519883965048013,rds:UENfNzYwNzg0ODA2MzY2NDQyMDk5fFBST0RfUENfNzYwNzg0ODA2MzY2NDQyMDk5,pvt:hg,pvo:3&oshop=apv&pvs=0",2025-12-15 08:47:37,False,0.411414401382653,0.0,1.0,0.0,0.7,0.5,0.9199999999999999,0.6859999999999999
google_shopping,jogo de panelas,Jogo de Panelas Loft Empilhável Brinox 7 Peças Ceramic Life,790.49,,,Magazine Luiza,Brinox,7981099724365713231,22,4.8,4.0,,,"https://www.google.com/search?q=jogo+de+panelas+new&oq=jogo+de+panelas+new&gl=br&hl=pt&udm=28&start=40&uule=w+CAIQICIGQnJhemls#oshopproduct=gid:1739648001329496850,mid:576462842597535980,oid:10679773138891793001,iid:456891191374631663,rds:UENfMTczOTY0ODAwMTMyOTQ5Njg1MHxQUk9EX1BDXzE3Mzk2NDgwMDEzMjk0OTY4NTA=,pvt:hg,pvo:3&oshop=apv&pvs=0",2025-12-15 08:47:37,False,1.485018128534125,0.0,0.02996374293174986,0.0,0.0209746200522249,0.475,0.3347822424785185,0.296727058759223
google_shopping,jogo de panelas,Jogo Panelas Antiaderente Cerâmica Cooktop Fogão Indução 3pc Fracalanza,638.63,,,Magazine Luiza,,8144849441709318482,23,,,,,"https://www.google.com/search?q=jogo+de+panelas+new&oq=jogo+de+panelas+new&gl=br&hl=pt&udm=28&start=40&uule=w+CAIQICIGQnJhemls#oshopproduct=gid:2008581717619662596,mid:576462788210976405,oid:3283482404941697834,iid:4879142918352035030,pvt:hg,pvo:3&oshop=apv&pvs=0",2025-12-15 08:47:37,False,1.1997332381507018,0.0,0.6005335236985965,0.0,0.42037346658901753,0.45,,0.3061120399767053
google_shopping,jogo de panelas,Jogo de Panelas Ceramic Life Brinox 6 Peças Indução Sirius Vanilla,1137.54,,,Casas Bahia,Brinox,7341269121478260766,24,4.9,1.0,,,"https://www.google.com/search?q=jogo+de+panelas+new&oq=jogo+de+panelas+new&gl=br&hl=pt&udm=28&start=40&uule=w+CAIQICIGQnJhemls#oshopproduct=gid:520223649090837128,mid:576462823134370772,oid:6773441836116842750,iid:15830194582733473698,rds:UENfNTIwMjIzNjQ5MDkwODM3MTI4fFBST0RfUENfNTIwMjIzNjQ5MDkwODM3MTI4,pvt:hg,pvo:3&oshop=apv&pvs=0",2025-12-15 08:47:37,False,2.136987845428416,0.0,0.0,0.0,0.0,0.425,0.1471866735592142,0.21415600206776428
google_shopping,jogo de panelas,Conjunto de Panelas Decor 8 Peças,569.05,599.0,,Amazon,,,25,,,,,"https://www.google.com/search?q=jogo+de+panelas+new&oq=jogo+de+panelas+new&gl=br&hl=pt&udm=28&start=40&uule=w+CAIQICIGQnJhemls#oshopproduct=oid:4930255511986289601,iid:5627060150320855975,pvt:hg,pvo:3&oshop=apv&pvs=0",2025-12-15 08:47:37,False,1.0690199319945144,0.05000000000000008,0.8619601360109712,0.16666666666666693,0.6533720952076798,0.4,,0.35601162856230395
google_shopping,jogo de panelas,Jogo De Panelas Quartzo Stone Com 23 Peças E Maleta Linda Vermelho,827.61,,,Magazine Luiza,,,26,,,,,"https://www.google.com/search?q=jogo+de+panelas+new&oq=jogo+de+panelas+new&gl=br&hl=pt&udm=28&start=40&uule=w+CAIQICIGQnJhemls#oshopproduct=oid:5129661225780941858,iid:13987824543506501121,pvt:hg,pvo:3&oshop=apv&pvs=0",2025-12-15 08:47:37,False,1.5547519302661985,0.0,0.0,0.0,0.0,0.375,,0.15000000000000002
google_shopping,jogo de panelas,wolff Conjunto 5 Panelas de Indução Granilite Alumínio Cinza Revestimento Cerâmico,474.9,,,Westwing,Wolf,7486415423824910350,27,,,,,"https://www.google.com/search?q=jogo+de+panelas+new&oq=jogo+de+panelas+new&gl=br&hl=pt&udm=28&start=40&uule=w+CAIQICIGQnJhemls#oshopproduct=gid:1435269438317332071,mid:576462823835868762,oid:15739920721965635199,iid:6024244157334102862,pvt:hg,pvo:3&oshop=apv&pvs=0",2025-12-15 08:47:37,False,0.8921493114914242,0.0,1.0,0.0,0.7,0.35,,0.35
google_shopping,jogo de panelas,"Conjunto de Panelas Antiaderente Marpal 06 Peças Original, Verde",219.0,,,Magazine Luiza,,,28,4.6,960.0,,,"https://www.google.com/search?q=jogo+de+panelas+new&oq=jogo+de+panelas+new&gl=br&hl=pt&udm=28&start=40&uule=w+CAIQICIGQnJhemls#oshopproduct=oid:16030197384984816018,iid:14008710323835365631,rds:UENfNzYwNzg0ODA2MzY2NDQyMDk5fFBST0RfUENfNzYwNzg0ODA2MzY2NDQyMDk5,pvt:hg,pvo:3&oshop=apv&pvs=0",2025-12-15 08:47:37,False,0.411414401382653,0.0,1.0,0.0,0.7,0.325,0.9199999999999999,0.616
google_shopping,jogo de panelas,Conjunto de panelas Miami 5 pçs com fundo de indução - CASA AMBIENTE,570.0,,,Magazine Luiza,Casa Ambiente,,29,5.0,4.0,,,"https://www.google.com/search?q=jogo+de+panelas+new&oq=jogo+de+panelas+new&gl=br&hl=pt&udm=28&start=40&uule=w+CAIQICIGQnJhemls#oshopproduct=oid:16680368806779455611,iid:4966643610667530520,rds:UENfMTIxODk3NTI0Nzg3OTk5NzYwOTF8UFJPRF9QQ18xMjE4OTc1MjQ3ODc5OTk3NjA5MQ==,pvt:hg,pvo:3&oshop=apv&pvs=0",2025-12-15 08:47:37,False,1.070804606338412,0.0,0.858390787323176,0.0,0.6008735511262231,0.3,0.34873150258179014,0.40488151611240397
google_shopping,jogo de panelas,Conjunto de 5 Panelas Sartin Cook Aquamint,759.0,,,papelariapaixao.com.br,,,30,,,,,"https://www.google.com/search?q=jogo+de+panelas+new&oq=jogo+de+panelas+new&gl=br&hl=pt&udm=28&start=40&uule=w+CAIQICIGQnJhemls#oshopproduct=oid:3765035562494329879,iid:11713316264053960774,pvt:hg,pvo:3&oshop=apv&pvs=0",2025-12-15 08:47:37,False,1.425860870545359,0.0,0.14827825890928192,0.0,0.10379478123649734,0.275,,0.14113843437094922
google_shopping,jogo de panelas,Kenmore Arlington Nonstick Ceramic Coated Forged Aluminum Induction Cookware with Bakelite,768.92,,,Ubuy,Mor,,31,,,,,"https://www.google.com/search?q=jogo+de+panelas+new&oq=jogo+de+panelas+new&gl=br&hl=pt&udm=28&start=40&uule=w+CAIQICIGQnJhemls#oshopproduct=oid:16829924135874424197,iid:4433150620373018064,pvt:hg,pvo:3&oshop=apv&pvs=0",2025-12-15 08:47:37,False,1.4444966279047924,0.0,0.11100674419041523,0.0,0.07770472093329066,0.25,,0.12331141627998721
google_shopping,jogo de panelas,Kit 4 Panelas Fullfit Norma Indução Antiaderente Ceramico,706.77,,,Extra.com.br,Fullfit,11820090340570953982,32,,,,,"https://www.google.com/search?q=jogo+de+panelas+new&oq=jogo+de+panelas+new&gl=br&hl=pt&udm=28&start=40&uule=w+CAIQICIGQnJhemls#oshopproduct=gid:13921858361637289475,mid:576462859288263576,oid:9881157200274321617,iid:274516112420008564,pvt:hg,pvo:3&oshop=apv&pvs=0",2025-12-15 08:47:37,False,1.3277413537224552,0.0,0.34451729255508967,0.0,0.24116210478856276,0.225,,0.16234863143656883
google_shopping,jogo de panelas,Jogo de Panelas Brinox Smart Plus 5 Peças Areia,609.0,,,Sodimac,Brinox,15613286914137034975,33,4.9,38.0,,,"https://www.google.com/search?q=jogo+de+panelas+new&oq=jogo+de+panelas+new&gl=br&hl=pt&udm=28&start=40&uule=w+CAIQICIGQnJhemls#oshopproduct=gid:2263788038813847578,mid:576462869195877150,oid:5518728968593080126,iid:12831164538964600613,rds:UENfMjI2Mzc4ODAzODgxMzg0NzU3OHxQUk9EX1BDXzIyNjM3ODgwMzg4MTM4NDc1Nzg=,pvt:hg,pvo:3&oshop=apv&pvs=0",2025-12-15 08:47:37,False,1.1440701846668295,0.0,0.711859630666341,0.0,0.49830174146643863,0.2,0.7779407710168242,0.4628727537449788
google_shopping,jogo de panelas,Conjunto De Panelas 7 Peças Titânio Indução 14061 Mimo Style,915.94,,,Casas Bahia,Mimo,,34,,,,,"https://www.google.com/search?q=jogo+de+panelas+new&oq=jogo+de+panelas+new&gl=br&hl=pt&udm=28&start=40&uule=w+CAIQICIGQnJhemls#oshopproduct=oid:3279935835801478803,iid:15757658624690154164,pvt:hg,pvo:3&oshop=apv&pvs=0",2025-12-15 08:47:37,False,1.720689072157202,0.0,0.0,0.0,0.0,0.175,,0.06999999999999999
google_shopping,jogo de panelas,Conjunto Panelas Antiaderente Com Tampa De Vidro 04 Peças - thika,348.48,,,Magazine Luiza,,8469900046402433173,35,,,,,"https://www.google.com/search?q=jogo+de+panelas+new&oq=jogo+de+panelas+new&gl=br&hl=pt&udm=28&start=40&uule=w+CAIQICIGQnJhemls#oshopproduct=oid:6263095498213015164,iid:8885270311725232918,pvt:hg,pvo:3&oshop=apv&pvs=0",2025-12-15 08:47:37,False,0.6546561214329997,0.0,1.0,0.0,0.7,0.15,,0.27
google_shopping,jogo de panelas,Jogo de Panelas Brinox Revestimento Cerâmico,527.89,,,Vinklo by FestaLab,Brinox,7367744050725560151,36,5.0,16.0,,,"https://www.google.com/search?q=jogo+de+panelas+new&oq=jogo+de+panelas+new&gl=br&hl=pt&udm=28&start=40&uule=w+CAIQICIGQnJhemls#oshopproduct=gid:14917085049235689626,oid:12150590794089381670,iid:12609993057138202993,rds:UENfMTQ5MTcwODUwNDkyMzU2ODk2MjZ8UFJPRF9QQ18xNDkxNzA4NTA0OTIzNTY4OTYyNg==,pvt:hg,pvo:3&oshop=apv&pvs=0",2025-12-15 08:47:37,False,0.991696567789446,0.0,1.0,0.0,0.7,0.125,0.613898019286257,0.44416940578587705
google_shopping,jogo de panelas,Jogo de Panelas 4PEÇAS Monaco Inducao Preta,1659.0,,,Nature Gift,,,37,,,,,"https://www.google.com/search?q=jogo+de+panelas+new&oq=jogo+de+panelas+new&gl=br&hl=pt&udm=28&start=40&uule=w+CAIQICIGQnJhemls#oshopproduct=oid:6603727555550300310,iid:6503762120295066747,pvt:hg,pvo:3&oshop=apv&pvs=0",2025-12-15 08:47:37,True,3.1166049858165357,0.0,0.0,0.0,0.0,0.1,,0.04000000000000001
google_shopping,jogo de panelas,Brinox Jogo de Panelas 5 Peças Ceramic Life Suprema,399.9,,,Doural Oficial,Brinox,1375056856795573196,38,4.8,105.0,,,"https://www.google.com/search?q=jogo+de+panelas+new&oq=jogo+de+panelas+new&gl=br&hl=pt&udm=28&start=40&uule=w+CAIQICIGQnJhemls#oshopproduct=gid:3549201557592820726,mid:576462868455914037,oid:17605937242485158384,iid:17960598645144887351,rds:UENfMzU0OTIwMTU1NzU5MjgyMDcyNnxQUk9EX1BDXzM1NDkyMDE1NTc1OTI4MjA3MjY=,pvt:hg,pvo:3&oshop=apv&pvs=0",2025-12-15 08:47:37,False,0.7512539685521595,0.0,1.0,0.0,0.7,0.075,0.96,0.5279999999999999
google_shopping,jogo de panelas,Jogo de Panelas Sirius Ceramic Life Indução 4 Peças Brinox Vanilla,808.37,,,Magazine Luiza,Brinox,13850242249928922788,39,4.9,324.0,,,"https://www.google.com/search?q=jogo+de+panelas+new&oq=jogo+de+panelas+new&gl=br&hl=pt&udm=28&start=40&uule=w+CAIQICIGQnJhemls#oshopproduct=gid:5612128586222848214,mid:576462835830240452,oid:6405895973103324535,iid:18070184893083401550,rds:UENfNTYxMjEyODU4NjIyMjg0ODIxNHxQUk9EX1BDXzU2MTIxMjg1ODYyMjI4NDgyMTQ=,pvt:hg,pvo:3&oshop=apv&pvs=0",2025-12-15 08:47:37,False,1.5186075782908457,0.0,0.0,0.0,0.0,0.05,0.9800000000000001,0.31400000000000006
google_shopping,jogo de panelas,Jogo de Panela Manhattan Preto Indução 5pç - Hauskraft (PAN014),635.0,,,VV Loja Online,Hauskraft,,40,,,,,"https://www.google.com/search?q=jogo+de+panelas+new&oq=jogo+de+panelas+new&gl=br&hl=pt&udm=28&start=40&uule=w+CAIQICIGQnJhemls#oshopproduct=oid:16363890016799729034,iid:12317015847947256140,pvt:hg,pvo:3&oshop=apv&pvs=0",2025-12-15 08:47:37,False,1.1929139035524414,0.0,0.6141721928951172,0.0,0.429920535026582,0.025,,0.1389761605079746
