fonte,palavra_chave,produto,preco,preco_original,tag_promocao,seller,marca,product_id,posicao,rating,reviews,delivery,condicao_anuncio,link,capturado_em,preco_outlier,indice_preco,desconto_percentual,score_preco,score_promo,score_atratividade,score_visibilidade,score_qualidade,score_relevancia
google_shopping,mop,Mop Giratório 360 New Com Balde E Reposição - Rotação Aleatório,92.42,,,Mercado Livre,,,1,,,,,"https://www.google.com/search?q=mop+new&oq=mop+new&gl=br&hl=pt&udm=28&start=0&uule=w+CAIQICIGQnJhemls#oshopproduct=oid:15949554410494826193,iid:11801168879219664512,pvt:hg,pvo:3&oshop=apv&pvs=0",2025-12-15 12:43:42,False,1.1566958698372967,0.0,0.6866082603254067,0.0,0.4806257822277846,1.0,,0.5441877346683354
google_shopping,mop,flash limp Mop Giratório Fit,66.99,70.0,,Lojas Caçula,Flash Limp,6009184614228503996,2,4.8,13.0,,,"https://www.google.com/search?q=mop+new&oq=mop+new&gl=br&hl=pt&udm=28&start=0&uule=w+CAIQICIGQnJhemls#oshopproduct=gid:5387091044804330286,mid:576462841773391180,oid:3715494540134498910,iid:5274420613231320283,rds:UENfNTM4NzA5MTA0NDgwNDMzMDI4NnxQUk9EX1BDXzUzODcwOTEwNDQ4MDQzMzAyODY=,pvt:hg,pvo:3&oshop=apv&pvs=0",2025-12-15 12:43:42,False,0.8384230287859824,0.04300000000000007,1.0,0.1433333333333336,0.743,0.975,0.5489553365260015,0.7775866009578004
google_shopping,mop,Mop Spray Fit,79.99,,,Shopee,,9293242010519227590,3,4.8,6.0,,,"https://www.google.com/search?q=mop+new&oq=mop+new&gl=br&hl=pt&udm=28&start=0&uule=w+CAIQICIGQnJhemls#oshopproduct=gid:4046087524574769639,mid:576462860872121388,oid:2369607063919386029,iid:13532226205114913515,rds:UENfNDA0NjA4NzUyNDU3NDc2OTYzOXxQUk9EX1BDXzQwNDYwODc1MjQ1NzQ3Njk2Mzk=,pvt:hg,pvo:3&oshop=apv&pvs=0",2025-12-15 12:43:42,False,1.0011264080100124,0.0,0.9977471839799752,0.0,0.6984230287859826,0.95,0.40477247263126115,0.7109586504251731
google_shopping,mop,Mop Noviça Spray Fit,70.55,,,Amazon,,873165781660401369,4,4.8,955.0,,,"https://www.google.com/search?q=mop+new&oq=mop+new&gl=br&hl=pt&udm=28&start=0&uule=w+CAIQICIGQnJhemls#oshopproduct=gid:18352812177640237456,mid:576462789296341875,oid:877625240635792184,iid:13587286386845004765,rds:UENfMTgzNTI4MTIxNzc2NDAyMzc0NTZ8UFJPRF9QQ18xODM1MjgxMjE3NzY0MDIzNzQ1Ng==,pvt:hg,pvo:3&oshop=apv&pvs=0",2025-12-15 12:43:42,False,0.8829787234042552,0.0,1.0,0.0,0.7,0.925,0.96,0.868
google_shopping,mop,Mop Giratório 360 New Com Balde E Reposição Microfibra Aleatório,85.56,,,Mercado Livre,,,5,,,,,"https://www.google.com/search?q=mop+new&oq=mop+new&gl=br&hl=pt&udm=28&start=0&uule=w+CAIQICIGQnJhemls#oshopproduct=oid:6176182072041520275,iid:946342396340032996,pvt:hg,pvo:3&oshop=apv&pvs=0",2025-12-15 12:43:42,False,1.0708385481852314,0.0,0.8583229036295372,0.0,0.600826032540676,0.9,,0.5402478097622029
google_shopping,mop,Mop Flat Lava e Seca Menalux com Refil Extra de Microfibra,109.9,,,Carrefour,,7890883806613231137,6,4.9,2.0,,,"https://www.google.com/search?q=mop+new&oq=mop+new&gl=br&hl=pt&udm=28&start=0&uule=w+CAIQICIGQnJhemls#oshopproduct=gid:16247507902190241698,mid:576462807121509357,oid:2019222298304067016,iid:8468577514952275707,rds:UENfMTYyNDc1MDc5MDIxOTAyNDE2OTh8UFJPRF9QQ18xNjI0NzUwNzkwMjE5MDI0MTY5OA==,pvt:hg,pvo:3&oshop=apv&pvs=0",2025-12-15 12:43:42,False,1.3754693366708386,0.0,0.2490613266583228,0.0,0.17434292866082596,0.875,0.23328535819724064,0.47228848605742
google_shopping,mop,hauskraft Mop Lava e Seca limp011,64.2,117.0,,Kalunga,Hauskraft,7264388163429642144,7,,,,,"https://www.google.com/search?q=mop+new&oq=mop+new&gl=br&hl=pt&udm=28&start=0&uule=w+CAIQICIGQnJhemls#oshopproduct=gid:1907884037964103322,mid:576462762537220156,oid:17370235207965056183,iid:7979273572214576903,pvt:hg,pvo:3&oshop=apv&pvs=0",2025-12-15 12:43:42,False,0.8035043804755945,0.45128205128205123,1.0,1.0,1.0,0.85,,0.64
google_shopping,mop,flash limp Mop Limpeza Geral Plus,48.9,,,Leroy Merlin,Flash Limp,15338503749794948084,8,4.8,3.0,,,"https://www.google.com/search?q=mop+new&oq=mop+new&gl=br&hl=pt&udm=28&start=0&uule=w+CAIQICIGQnJhemls#oshopproduct=gid:4480389050013143571,mid:576462866782444446,oid:8482250679793770953,iid:10844738693170988871,rds:UENfNDQ4MDM4OTA1MDAxMzE0MzU3MXxQUk9EX1BDXzQ0ODAzODkwNTAwMTMxNDM1NzE=,pvt:hg,pvo:3&oshop=apv&pvs=0",2025-12-15 12:43:42,False,0.6120150187734668,0.0,1.0,0.0,0.7,0.825,0.28836572778948083,0.6265097183368442
google_shopping,mop,Balde Mop Com Esfregão Giratório Fratelli,60.39,99.0,,Shopee,Fratelli,10892114767959547211,9,4.6,860.0,,,"https://www.google.com/search?q=mop+new&oq=mop+new&gl=br&hl=pt&udm=28&start=0&uule=w+CAIQICIGQnJhemls#oshopproduct=gid:15821083644890770490,mid:576462741480555482,oid:10289331252132995070,iid:10089894107177757488,rds:UENfMTU4MjEwODM2NDQ4OTA3NzA0OTB8UFJPRF9QQ18xNTgyMTA4MzY0NDg5MDc3MDQ5MA==,pvt:hg,pvo:3&oshop=apv&pvs=0",2025-12-15 12:43:42,False,0.7558197747183979,0.39,1.0,1.0,1.0,0.8,0.9199999999999999,0.8960000000000001
google_shopping,mop,Mop Slim com Balde e Esfregão Simplo,135.81,,,Mercado Livre,Simplo,11877001590919259535,10,4.9,266.0,,,"https://www.google.com/search?q=mop+new&oq=mop+new&gl=br&hl=pt&udm=28&start=0&uule=w+CAIQICIGQnJhemls#oshopproduct=gid:12658363999017729712,mid:576462732793622286,oid:1415101684565031992,iid:4431464799384895815,rds:UENfMTI2NTgzNjM5OTkwMTc3Mjk3MTJ8UFJPRF9QQ18xMjY1ODM2Mzk5OTAxNzcyOTcxMg==,pvt:hg,pvo:3&oshop=apv&pvs=0",2025-12-15 12:43:42,False,1.699749687108886,0.0,0.0,0.0,0.0,0.775,0.9800000000000001,0.6040000000000001
google_shopping,mop,Mop Giratório Pro,206.58,,,Casas Bahia,,12630794082950243767,11,4.8,1.0,,,"https://www.google.com/search?q=mop+new&oq=mop+new&gl=br&hl=pt&udm=28&start=0&uule=w+CAIQICIGQnJhemls#oshopproduct=gid:3507343911556656041,mid:576462759092733483,oid:5801214683500122716,iid:8573141054734845591,rds:UENfMzUwNzM0MzkxMTU1NjY1NjA0MXxQUk9EX1BDXzM1MDczNDM5MTE1NTY2NTYwNDE=,pvt:hg,pvo:3&oshop=apv&pvs=0",2025-12-15 12:43:42,False,2.5854818523153944,0.0,0.0,0.0,0.0,0.75,0.14418286389474042,0.3432548591684222
google_shopping,mop,Mop Compacto Noviça 10L,59.99,100.0,,tupan.com.br,,9047165722154528388,12,4.7,174.0,,,"https://www.google.com/search?q=mop+new&oq=mop+new&gl=br&hl=pt&udm=28&start=0&uule=w+CAIQICIGQnJhemls#oshopproduct=gid:5092306465260201652,mid:576462840758883683,oid:9228575062802066678,iid:2177347685438588152,rds:UENfNTA5MjMwNjQ2NTI2MDIwMTY1MnxQUk9EX1BDXzUwOTIzMDY0NjUyNjAyMDE2NTI=,pvt:hg,pvo:3&oshop=apv&pvs=0",2025-12-15 12:43:42,False,0.7508135168961201,0.40009999999999996,1.0,1.0,1.0,0.725,0.9400000000000001,0.8720000000000001
google_shopping,mop,Kit Esfregão Mop Giratório de Microfibra com Balde Powermaid,41.9,,,Shopee,Powermaid,,13,4.6,12.0,,,"https://www.google.com/search?q=mop+new&oq=mop+new&gl=br&hl=pt&udm=28&start=0&uule=w+CAIQICIGQnJhemls#oshopproduct=oid:10396100601442095863,iid:7811688541099674091,rds:UENfMjc0NDA0NDAxNDc0NTI1ODQ2MHxQUk9EX1BDXzI3NDQwNDQwMTQ3NDUyNTg0NjA=,pvt:hg,pvo:3&oshop=apv&pvs=0",2025-12-15 12:43:42,False,0.5244055068836044,0.0,1.0,0.0,0.7,0.7,0.5113091630551192,0.6433927489165358
google_shopping,mop,dk Limpeza Inteligente Mop Limpeza 360 Triangular Giratório,41.19,,,mercadolivre.com.br,,9775438759216206606,14,,,,,"https://www.google.com/search?q=mop+new&oq=mop+new&gl=br&hl=pt&udm=28&start=0&uule=w+CAIQICIGQnJhemls#oshopproduct=gid:8216739863099844467,mid:576462861835807404,oid:11449508709621452138,iid:5554553775644821721,pvt:hg,pvo:3&oshop=apv&pvs=0",2025-12-15 12:43:42,False,0.5155193992490613,0.0,1.0,0.0,0.7,0.675,,0.48
google_shopping,mop,Esfregão Mop Limpeza Prática Mor,66.16,,,Loja JR,Mor,2826828786959952488,15,4.7,816.0,,,"https://www.google.com/search?q=mop+new&oq=mop+new&gl=br&hl=pt&udm=28&start=0&uule=w+CAIQICIGQnJhemls#oshopproduct=gid:11181608244086225922,mid:576462845909226667,oid:15633720811207542962,iid:10358402480181759737,rds:UENfMTExODE2MDgyNDQwODYyMjU5MjJ8UFJPRF9QQ18xMTE4MTYwODI0NDA4NjIyNTkyMg==,pvt:hg,pvo:3&oshop=apv&pvs=0",2025-12-15 12:43:42,False,0.8280350438047558,0.0,1.0,0.0,0.7,0.65,0.9400000000000001,0.752
google_shopping,mop,Kit Limpeza Profissional,34.6,,,Americanas.com,,17017317611251966960,16,3.2,139.0,,,"https://www.google.com/search?q=mop+new&oq=mop+new&gl=br&hl=pt&udm=28&start=0&uule=w+CAIQICIGQnJhemls#oshopproduct=gid:9154646624188732770,oid:8964335906805098073,iid:18168268111643545603,rds:UENfOTE1NDY0NjYyNDE4ODczMjc3MHxQUk9EX1BDXzkxNTQ2NDY2MjQxODg3MzI3NzA=,pvt:hg,pvo:3&oshop=apv&pvs=0",2025-12-15 12:43:42,False,0.4330413016270338,0.0,1.0,0.0,0.7,0.625,0.64,0.652
google_shopping,mop,Celeste Rodo Mágico Mop Fácil,29.38,,,Mercado Livre,Celeste,2352301536612470295,17,4.7,15.0,,,"https://www.google.com/search?q=mop+new&oq=mop+new&gl=br&hl=pt&udm=28&start=0&uule=w+CAIQICIGQnJhemls#oshopproduct=gid:946745525543362927,mid:576462842850458949,oid:6491175522728108159,iid:6608114441971922388,rds:UENfOTQ2NzQ1NTI1NTQzMzYyOTI3fFBST0RfUENfOTQ2NzQ1NTI1NTQzMzYyOTI3,pvt:hg,pvo:3&oshop=apv&pvs=0",2025-12-15 12:43:42,False,0.3677096370463078,0.0,1.0,0.0,0.7,0.6,0.5647162169210667,0.6194148650763199
google_shopping,mop,Esfregao Mop Spray Slim Noviça Bettanin BT1812,119.9,139.0,,Shopee,Bettanin,16557982608781446829,18,4.8,192.0,,,"https://www.google.com/search?q=mop+new&oq=mop+new&gl=br&hl=pt&udm=28&start=0&uule=w+CAIQICIGQnJhemls#oshopproduct=gid:766911839121800957,mid:576462847615762539,oid:17430506067159541874,iid:16802010724038635110,rds:UENfNzY2OTExODM5MTIxODAwOTU3fFBST0RfUENfNzY2OTExODM5MTIxODAwOTU3,pvt:hg,pvo:3&oshop=apv&pvs=0",2025-12-15 12:43:42,False,1.5006257822277846,0.137410071942446,0.0,0.4580335731414867,0.137410071942446,0.575,0.96,0.5592230215827338
google_shopping,mop,flash limp Mop Giratório Duas Águas Fit MOP7504,110.0,128.0,,Comércio de Balanças São Roque,Flash Limp,10716150593862938759,19,4.7,2.0,,,"https://www.google.com/search?q=mop+new&oq=mop+new&gl=br&hl=pt&udm=28&start=0&uule=w+CAIQICIGQnJhemls#oshopproduct=gid:842940391957759870,mid:576462502621710264,oid:8341850703179784290,iid:6535207386056029948,rds:UENfODQyOTQwMzkxOTU3NzU5ODcwfFBST0RfUENfODQyOTQwMzkxOTU3NzU5ODcw,pvt:hg,pvo:3&oshop=apv&pvs=0",2025-12-15 12:43:42,False,1.3767209011264079,0.140625,0.24655819774718424,0.46875,0.31321573842302897,0.55,0.22376350684225124,0.38109377357958407
google_shopping,mop,oikos Mop Flat Prensa com Esfregao de Microfibra,42.92,,,Amazon,Oikos,12880675574183730270,20,4.8,63.0,,,"https://www.google.com/search?q=mop+new&oq=mop+new&gl=br&hl=pt&udm=28&start=0&uule=w+CAIQICIGQnJhemls#oshopproduct=gid:9392904160447847834,mid:576462803403440856,oid:15138251343967539912,iid:18004047880952892788,rds:UENfOTM5MjkwNDE2MDQ0Nzg0NzgzNHxQUk9EX1BDXzkzOTI5MDQxNjA0NDc4NDc4MzQ=,pvt:hg,pvo:3&oshop=apv&pvs=0",2025-12-15 12:43:42,False,0.537171464330413,0.0,1.0,0.0,0.7,0.525,0.8650971833684425,0.6795291550105328
google_shopping,mop,Mop Flat Com Balde e Esfregão de Microfibra Limpeza,45.3,,,Mercado Livre,,12121513762323374653,21,4.5,13.0,,,"https://www.google.com/search?q=mop+new&oq=mop+new&gl=br&hl=pt&udm=28&start=0&uule=w+CAIQICIGQnJhemls#oshopproduct=gid:412511765513404008,mid:576462499301333595,oid:20296993437304745,iid:7458379115866064213,rds:UENfNDEyNTExNzY1NTEzNDA0MDA4fFBST0RfUENfNDEyNTExNzY1NTEzNDA0MDA4,pvt:hg,pvo:3&oshop=apv&pvs=0",2025-12-15 12:43:42,False,0.5669586983729661,0.0,1.0,0.0,0.7,0.5,0.5146456279931264,0.5643936883979379
google_shopping,mop,bettanin Mop Duas Águas Noviça,149.9,,,Lots Home Shop,Bettanin,14253967184605781195,22,4.8,33.0,,,"https://www.google.com/search?q=mop+new&oq=mop+new&gl=br&hl=pt&udm=28&start=0&uule=w+CAIQICIGQnJhemls#oshopproduct=gid:14778381264213527824,mid:576462796105459120,oid:18379394852922962950,iid:17867135011327211745,rds:UENfMTQ3NzgzODEyNjQyMTM1Mjc4MjR8UFJPRF9QQ18xNDc3ODM4MTI2NDIxMzUyNzgyNA==,pvt:hg,pvo:3&oshop=apv&pvs=0",2025-12-15 12:43:42,False,1.8760951188986232,0.0,0.0,0.0,0.0,0.475,0.7335249624095471,0.4100574887228641
google_shopping,mop,Mop Spray Flash Limp 400Ml Refil Microfibra Mop7800,129.99,,,Shopee,Flash Limp,3184510905975335911,23,4.6,9.0,,,"https://www.google.com/search?q=mop+new&oq=mop+new&gl=br&hl=pt&udm=28&start=0&uule=w+CAIQICIGQnJhemls#oshopproduct=gid:6287960945824263335,mid:576462789995333345,oid:9941715319873206517,iid:5493565462409709136,rds:UENfNjI4Nzk2MDk0NTgyNDI2MzMzNXxQUk9EX1BDXzYyODc5NjA5NDU4MjQyNjMzMzU=,pvt:hg,pvo:3&oshop=apv&pvs=0",2025-12-15 12:43:42,False,1.6269086357947433,0.0,0.0,0.0,0.0,0.45,0.4590082269410399,0.31770246808231195
google_shopping,mop,Mop Giratório Limpeza: Esfregão Triangular Ajustável + Refil,88.23,,,Magazine Luiza,,4085782421261836950,24,,,,,"https://www.google.com/search?q=mop+new&oq=mop+new&gl=br&hl=pt&udm=28&start=0&uule=w+CAIQICIGQnJhemls#oshopproduct=oid:18148290350928492762,iid:10159068997619236672,pvt:hg,pvo:3&oshop=apv&pvs=0",2025-12-15 12:43:42,False,1.1042553191489362,0.0,0.7914893617021277,0.0,0.5540425531914893,0.425,,0.3362127659574468
google_shopping,mop,Mop Triangular Novo Com Passa Pano Para Limpezas Rápidas Branco Lelong,64.9,,,Mercado Livre,,,25,,,,,"https://www.google.com/search?q=mop+new&oq=mop+new&gl=br&hl=pt&udm=28&start=0&uule=w+CAIQICIGQnJhemls#oshopproduct=oid:3649071071503507339,iid:16637982252011590029,pvt:hg,pvo:3&oshop=apv&pvs=0",2025-12-15 12:43:42,False,0.8122653316645807,0.0,1.0,0.0,0.7,0.4,,0.37
google_shopping,mop,não informado Mop Triângulo Retrátil Portátil Para Limpeza Profunda,71.98,85.0,,Extra.com.br,,11364147447994604774,26,,,,,"https://www.google.com/search?q=mop+new&oq=mop+new&gl=br&hl=pt&udm=28&start=0&uule=w+CAIQICIGQnJhemls#oshopproduct=gid:1173420167857839090,mid:576462852820241947,oid:5533151668708387852,iid:8509674879295053519,pvt:hg,pvo:3&oshop=apv&pvs=0",2025-12-15 12:43:42,False,0.9008760951188987,0.15317647058823525,1.0,0.5105882352941176,0.8531764705882352,0.375,,0.40595294117647057
google_shopping,mop,Mop Flash Limp Mop Limpeza Geral Plus Flash Limp,70.9,99.0,,Shopee,Flash Limp,,27,4.8,16.0,,,"https://www.google.com/search?q=mop+new&oq=mop+new&gl=br&hl=pt&udm=28&start=0&uule=w+CAIQICIGQnJhemls#oshopproduct=oid:8146706184226750619,iid:5726676439865138429,rds:UENfMzg0NzY5NzAwMzczNDg2NDA1OHxQUk9EX1BDXzM4NDc2OTcwMDM3MzQ4NjQwNTg=,pvt:hg,pvo:3&oshop=apv&pvs=0",2025-12-15 12:43:42,False,0.8873591989987485,0.2838383838383838,1.0,0.9461279461279459,0.9838383838383837,0.35,0.5893420985148067,0.6119541447059571
google_shopping,mop,Novo Mop Giratório Separa Água Limpa E Suja Gira 360° Kaia,188.85,,,Mercado Livre,,14967204646813333328,28,,,,,"https://www.google.com/search?q=mop+new&oq=mop+new&gl=br&hl=pt&udm=28&start=0&uule=w+CAIQICIGQnJhemls#oshopproduct=gid:6673600803318672148,mid:576462864720423132,oid:1003177810527131650,iid:16829112135242991102,pvt:hg,pvo:3&oshop=apv&pvs=0",2025-12-15 12:43:42,False,2.3635794743429286,0.0,0.0,0.0,0.0,0.325,,0.13
google_shopping,mop,tud Mop Esponja de PVA limpeza geral,38.9,,,Amazon.com.br - Seller,Tud,17699335895302731195,29,4.9,1.0,,,"https://www.google.com/search?q=mop+new&oq=mop+new&gl=br&hl=pt&udm=28&start=0&uule=w+CAIQICIGQnJhemls#oshopproduct=gid:4552161588738842254,mid:576462857204623109,oid:2174935960047555978,iid:18204829746140542130,rds:UENfNDU1MjE2MTU4ODczODg0MjI1NHxQUk9EX1BDXzQ1NTIxNjE1ODg3Mzg4NDIyNTQ=,pvt:hg,pvo:3&oshop=apv&pvs=0",2025-12-15 12:43:42,False,0.4868585732165206,0.0,1.0,0.0,0.7,0.3,0.1471866735592142,0.3741560020677642
google_shopping,mop,util bazar Esfregão Mop Giratório com Centrífuga 14L,58.19,,,Freitas,,10268945780712713452,30,5.0,6.0,,,"https://www.google.com/search?q=mop+new&oq=mop+new&gl=br&hl=pt&udm=28&start=0&uule=w+CAIQICIGQnJhemls#oshopproduct=gid:1342932531738851888,mid:576462502392136868,oid:5362284610939757354,iid:7101143041015163641,rds:UENfMTM0MjkzMjUzMTczODg1MTg4OHxQUk9EX1BDXzEzNDI5MzI1MzE3Mzg4NTE4ODg=,pvt:hg,pvo:3&oshop=apv&pvs=0",2025-12-15 12:43:42,False,0.7282853566958698,0.0,1.0,0.0,0.7,0.275,0.4216379923242304,0.4464913976972691
google_shopping,mop,Mop Balde Giratório C/ Rodinha E Esfregão Powermaid,69.9,,,Shopee,Powermaid,,31,4.6,15.0,,,"https://www.google.com/search?q=mop+new&oq=mop+new&gl=br&hl=pt&udm=28&start=0&uule=w+CAIQICIGQnJhemls#oshopproduct=oid:15393386401991592837,iid:12670000165634873668,rds:UENfMTIwMzk0MzEwODk2MjUyMzYyMjd8UFJPRF9QQ18xMjAzOTQzMTA4OTYyNTIzNjIyNw==,pvt:hg,pvo:3&oshop=apv&pvs=0",2025-12-15 12:43:42,False,0.8748435544430538,0.0,1.0,0.0,0.7,0.25,0.5527009782631715,0.47581029347895143
google_shopping,mop,Conjunto para Limpeza Amarelo Standard com 6 Peças Bralimpia,529.0,625.0,,mercadolivre.com.br,,16095132130227395781,32,,,,,"https://www.google.com/search?q=mop+new&oq=mop+new&gl=br&hl=pt&udm=28&start=0&uule=w+CAIQICIGQnJhemls#oshopproduct=gid:244010304766897891,mid:576462859604863672,oid:12453862755320361624,iid:14923896132152180016,pvt:hg,pvo:3&oshop=apv&pvs=0",2025-12-15 12:43:42,True,6.620775969962453,0.1536,0.0,0.512,0.1536,0.225,,0.13608
google_shopping,mop,Esfregão Triangular Rodo Limpador Giratório Mop,66.92,72.0,,Magazine Luiza,,10757341057508828050,33,,,,,"https://www.google.com/search?q=mop+new&oq=mop+new&gl=br&hl=pt&udm=28&start=0&uule=w+CAIQICIGQnJhemls#oshopproduct=gid:6770917128169258883,mid:576462822636878872,oid:3902707609315749504,iid:17507798158994121579,pvt:hg,pvo:3&oshop=apv&pvs=0",2025-12-15 12:43:42,False,0.8375469336670838,0.07055555555555554,1.0,0.23518518518518514,0.7705555555555554,0.2,,0.31116666666666665
google_shopping,mop,Mop Flat Cinza Havan Casa,59.99,,,Havan,Havan,17174283606130352591,34,,,,,"https://www.google.com/search?q=mop+new&oq=mop+new&gl=br&hl=pt&udm=28&start=0&uule=w+CAIQICIGQnJhemls#oshopproduct=gid:10550202926238111509,mid:576462510414874797,oid:13922500036349707617,iid:5040925811545664120,pvt:hg,pvo:3&oshop=apv&pvs=0",2025-12-15 12:43:42,False,0.7508135168961201,0.0,1.0,0.0,0.7,0.175,,0.27999999999999997
google_shopping,mop,NOVO Mop Fácil Original Limpeza Geral Plus Lava E Seca CELESTE,37.9,,,Shopee,Celeste,,35,4.7,15.0,,,"https://www.google.com/search?q=mop+new&oq=mop+new&gl=br&hl=pt&udm=28&start=0&uule=w+CAIQICIGQnJhemls#oshopproduct=oid:591235047142598098,iid:2388471871549810035,rds:UENfOTQ2NzQ1NTI1NTQzMzYyOTI3fFBST0RfUENfOTQ2NzQ1NTI1NTQzMzYyOTI3,pvt:hg,pvo:3&oshop=apv&pvs=0",2025-12-15 12:43:42,False,0.474342928660826,0.0,1.0,0.0,0.7,0.15,0.5647162169210667,0.43941486507632
google_shopping,mop,Mop Esfregrao Rodo Magico Triangular Giratorio Com Refil,102.13,,,mercadolivre.com.br,,,36,,,,,"https://www.google.com/search?q=mop+new&oq=mop+new&gl=br&hl=pt&udm=28&start=0&uule=w+CAIQICIGQnJhemls#oshopproduct=oid:13922646931470992833,iid:10014458645065989772,pvt:hg,pvo:3&oshop=apv&pvs=0",2025-12-15 12:43:42,False,1.2782227784730913,0.0,0.4435544430538174,0.0,0.3104881101376722,0.125,,0.14314643304130165
google_shopping,mop,Robô Aspirador De Pó Xiaomi Mop 2 Lite Wi-Fi App Google Assistant Alexa Branco,2754.9,2900.0,,Amazon,,8451012443896433669,37,4.3,216.0,,,"https://www.google.com/search?q=mop+new&oq=mop+new&gl=br&hl=pt&udm=28&start=0&uule=w+CAIQICIGQnJhemls#oshopproduct=gid:10187690862605343182,mid:576462817089390626,oid:2772417928025307826,iid:13833220094902829108,rds:UENfMTAxODc2OTA4NjI2MDUzNDMxODJ8UFJPRF9QQ18xMDE4NzY5MDg2MjYwNTM0MzE4Mg==,pvt:hg,pvo:3&oshop=apv&pvs=0",2025-12-15 12:43:42,True,34.479349186483105,0.05003448275862066,0.0,0.1667816091954022,0.05003448275862066,0.1,0.86,0.3130103448275862
google_shopping,mop,"Libman Tornado Spin Mop with Bucket Cleaning System, Microfiber Spin Mop Head, Machine Washable, 14-in. Width",396.43,,,eBay - gettycrafts,,9577345349273865200,38,4.4,1.0,,,"https://www.google.com/search?q=mop+new&oq=mop+new&gl=br&hl=pt&udm=28&start=0&uule=w+CAIQICIGQnJhemls#oshopproduct=gid:12845380929492216867,mid:576462529890323475,oid:11044653638476652183,iid:17147161706898136732,rds:UENfMTI4NDUzODA5Mjk0OTIyMTY4Njd8UFJPRF9QQ18xMjg0NTM4MDkyOTQ5MjIxNjg2Nw==,pvt:hg,pvo:3&oshop=apv&pvs=0",2025-12-15 12:43:42,True,4.961576971214018,0.0,0.0,0.0,0.0,0.075,0.13216762523684542,0.06965028757105363
google_shopping,mop,"MOP Spray 3 em 1 – Limpeza Rápida, Sem Balde e Sem Esforço!",79.0,,,Shopee,,,39,,,,,"https://www.google.com/search?q=mop+new&oq=mop+new&gl=br&hl=pt&udm=28&start=0&uule=w+CAIQICIGQnJhemls#oshopproduct=oid:16036105903697433600,iid:1045813609956617197,pvt:hg,pvo:3&oshop=apv&pvs=0",2025-12-15 12:43:42,False,0.9887359198998747,0.0,1.0,0.0,0.7,0.05,,0.22999999999999998
google_shopping,mop,"Condor Mop Esfregão Giratório 360 Balde 13 Litros Cabo 1,4mt Cinza",97.99,,,Mercado Livre,Condor,5971711788415932671,40,4.5,96.0,,,"https://www.google.com/search?q=mop+new&oq=mop+new&gl=br&hl=pt&udm=28&start=0&uule=w+CAIQICIGQnJhemls#oshopproduct=gid:17266544336051587270,mid:576462800743010886,oid:9344340498099653640,iid:7657381968022899770,rds:UENfMTcyNjY1NDQzMzYwNTE1ODcyNzB8UFJPRF9QQ18xNzI2NjU0NDMzNjA1MTU4NzI3MA==,pvt:hg,pvo:3&oshop=apv&pvs=0",2025-12-15 12:43:42,False,1.2264080100125154,0.0,0.5471839799749691,0.0,0.38302878598247836,0.025,0.8921196891020776,0.39254454252536675
google_shopping,mop,Unger st45r String Mop Wet Microfiber 16 Oz,251.98,,,Raptor Supplies,,15625349691695338940,1,4.6,5.0,,,"https://www.google.com/search?q=mop+new&oq=mop+new&gl=br&hl=pt&udm=28&start=40&uule=w+CAIQICIGQnJhemls#oshopproduct=gid:13687212628227619502,mid:576462518573813794,oid:7507998545711843568,iid:7378372879077483381,rds:UENfMTM2ODcyMTI2MjgyMjc2MTk1MDJ8UFJPRF9QQ18xMzY4NzIxMjYyODIyNzYxOTUwMg==,pvt:hg,pvo:3&oshop=apv&pvs=0",2025-12-15 12:43:42,False,3.1536921151439294,0.0,0.0,0.0,0.0,1.0,0.35717782573054935,0.5071533477191649
google_shopping,mop,Tough Guy 1tyy2 Wet Mop Antimicrobial Large Red,114.31,,,Raptor Supplies,,10746277333368640662,2,,,,,"https://www.google.com/search?q=mop+new&oq=mop+new&gl=br&hl=pt&udm=28&start=40&uule=w+CAIQICIGQnJhemls#oshopproduct=gid:2133527113684225337,mid:576462808047645906,oid:1959342813083513035,iid:11961043438828591508,pvt:hg,pvo:3&oshop=apv&pvs=0",2025-12-15 12:43:42,False,1.4306633291614517,0.0,0.13867334167709666,0.0,0.09707133917396765,0.975,,0.4191214017521903
google_shopping,mop,Tough Guy 1tyv6 Wet Mop Antimicrobial Large Green,118.21,,,Raptor Supplies,,1268905248936135864,3,,,,,"https://www.google.com/search?q=mop+new&oq=mop+new&gl=br&hl=pt&udm=28&start=40&uule=w+CAIQICIGQnJhemls#oshopproduct=gid:3271141791403155742,oid:13986932305120270363,iid:7035090432725927441,pvt:hg,pvo:3&oshop=apv&pvs=0",2025-12-15 12:43:42,False,1.4794743429286605,0.0,0.04105131414267893,0.0,0.02873591989987525,0.95,,0.3886207759699626
google_shopping,mop,Esfregão De Limpeza 360 Giratória Com Cabo Branco Escovow,134.98,,,Mercado Livre,,4724102824424387926,4,,,,,"https://www.google.com/search?q=mop+new&oq=mop+new&gl=br&hl=pt&udm=28&start=40&uule=w+CAIQICIGQnJhemls#oshopproduct=oid:1102080926578026983,iid:5691313137911637088,pvt:hg,pvo:3&oshop=apv&pvs=0",2025-12-15 12:43:42,False,1.6893617021276592,0.0,0.0,0.0,0.0,0.925,,0.37000000000000005
google_shopping,mop,Tough Guy 1tyv3 Wet Mop Antimicrobial Medium Orange,85.85,,,Raptor Supplies,,11486634003128722063,5,,,,,"https://www.google.com/search?q=mop+new&oq=mop+new&gl=br&hl=pt&udm=28&start=40&uule=w+CAIQICIGQnJhemls#oshopproduct=gid:12431007539120054849,oid:13852340577159620912,iid:6884657114519517089,pvt:hg,pvo:3&oshop=apv&pvs=0",2025-12-15 12:43:42,False,1.0744680851063828,0.0,0.8510638297872344,0.0,0.595744680851064,0.9,,0.5387234042553193
google_shopping,mop,"Fabuloso Spin Mop and Bucket, Hands-Free Wringing Spin Bucket",325.23,,,Ubuy,,13070776241439884064,6,,,,,"https://www.google.com/search?q=mop+new&oq=mop+new&gl=br&hl=pt&udm=28&start=40&uule=w+CAIQICIGQnJhemls#oshopproduct=gid:15572722745796214004,oid:10382595127881715923,iid:16989561751384330011,pvt:hg,pvo:3&oshop=apv&pvs=0",2025-12-15 12:43:42,True,4.070463078848561,0.0,0.0,0.0,0.0,0.875,,0.35000000000000003
google_shopping,mop,Kit Mop Flash Limp Limpa Janelas Cabo Extensível + 2 Refil Verde,125.76,,,Mercado Livre,Flash Limp,,7,4.8,14.0,,,"https://www.google.com/search?q=mop+new&oq=mop+new&gl=br&hl=pt&udm=28&start=40&uule=w+CAIQICIGQnJhemls#oshopproduct=oid:4471073083904106784,iid:3200444858933584023,rds:UENfOTg2NDM0NTE1NTkzMDEzNzEzNXxQUk9EX1BDXzk4NjQzNDUxNTU5MzAxMzcxMzU=,pvt:hg,pvo:3&oshop=apv&pvs=0",2025-12-15 12:43:42,False,1.573967459324155,0.0,0.0,0.0,0.0,0.85,0.5633066749982644,0.5089920024994793
google_shopping,mop,Tough Guy 1tyu6 Wet Mop Antimicrobial Small Blue,73.5,,,Raptor Supplies,,12888464413868428042,8,,,,,"https://www.google.com/search?q=mop+new&oq=mop+new&gl=br&hl=pt&udm=28&start=40&uule=w+CAIQICIGQnJhemls#oshopproduct=gid:16039496991548557148,mid:576462808318213763,oid:8169297639034679261,iid:12055360756293488523,pvt:hg,pvo:3&oshop=apv&pvs=0",2025-12-15 12:43:42,False,0.9198998748435544,0.0,1.0,0.0,0.7,0.825,,0.54
google_shopping,mop,"Mop and Bucket with Wringer Set,Spin Mop and Bucket System, Mops for Floor",352.11,,,Ubuy,,,9,,,,,"https://www.google.com/search?q=mop+new&oq=mop+new&gl=br&hl=pt&udm=28&start=40&uule=w+CAIQICIGQnJhemls#oshopproduct=oid:13032277809458639081,iid:1097099096810085984,pvt:hg,pvo:3&oshop=apv&pvs=0",2025-12-15 12:43:42,True,4.406883604505632,0.0,0.0,0.0,0.0,0.8,,0.32000000000000006
google_shopping,mop,Mop Giratório Twister Bettanin Noviça Balde 13lts Cabo Inox,234.99,,,Mercado Livre,Bettanin,5932527618350804272,10,4.4,10.0,,,"https://www.google.com/search?q=mop+new&oq=mop+new&gl=br&hl=pt&udm=28&start=40&uule=w+CAIQICIGQnJhemls#oshopproduct=gid:14489043630350406733,mid:576462861318605497,oid:9273284722860094569,iid:16822684662972822633,rds:UENfMTQ0ODkwNDM2MzAzNTA0MDY3MzN8UFJPRF9QQ18xNDQ4OTA0MzYzMDM1MDQwNjczMw==,pvt:hg,pvo:3&oshop=apv&pvs=0",2025-12-15 12:43:42,False,2.9410513141426784,0.0,0.0,0.0,0.0,0.775,0.4572248617045479,0.4471674585113644
google_shopping,mop,Tough Guy 6pvz Loop End Finish Mop Large Red,202.17,,,Raptor Supplies,,17575533100535297831,11,4.0,1.0,,,"https://www.google.com/search?q=mop+new&oq=mop+new&gl=br&hl=pt&udm=28&start=40&uule=w+CAIQICIGQnJhemls#oshopproduct=gid:4525815329197489869,mid:576462847524061564,oid:1587060748845815447,iid:12518147992204403455,rds:UENfNDUyNTgxNTMyOTE5NzQ4OTg2OXxQUk9EX1BDXzQ1MjU4MTUzMjkxOTc0ODk4Njk=,pvt:hg,pvo:3&oshop=apv&pvs=0",2025-12-15 12:43:42,False,2.5302878598247807,0.0,0.0,0.0,0.0,0.75,0.12015238657895036,0.33604571597368516
google_shopping,mop,Novo Mop Fácil Limpeza Geral Rodo Plus Lava E Seca,37.9,,,Shopee,,,12,4.7,15.0,,,"https://www.google.com/search?q=mop+new&oq=mop+new&gl=br&hl=pt&udm=28&start=40&uule=w+CAIQICIGQnJhemls#oshopproduct=oid:784223606001575884,iid:3607159594096163431,rds:UENfOTQ2NzQ1NTI1NTQzMzYyOTI3fFBST0RfUENfOTQ2NzQ1NTI1NTQzMzYyOTI3,pvt:hg,pvo:3&oshop=apv&pvs=0",2025-12-15 12:43:42,False,0.474342928660826,0.0,1.0,0.0,0.7,0.725,0.5647162169210667,0.66941486507632
google_shopping,mop,Mop Spray com Reservatório 400ml Limpeza esfregão Refil Microbifra,54.99,,,Shopee,,,13,5.0,1.0,,,"https://www.google.com/search?q=mop+new&oq=mop+new&gl=br&hl=pt&udm=28&start=40&uule=w+CAIQICIGQnJhemls#oshopproduct=oid:9808582993142492245,iid:65737300617771838,rds:TE9fOTgwODU4Mjk5MzE0MjQ5MjI0NXxQUk9EX0xPXzk4MDg1ODI5OTMxNDI0OTIyNDU=,pvt:hg,pvo:3&oshop=apv&pvs=0",2025-12-15 12:43:42,False,0.6882352941176471,0.0,1.0,0.0,0.7,0.7,0.15019048322368794,0.5350571449671063
google_shopping,mop,Tough Guy 6pvz1 Loop End Finish Mop Large Yellow,303.15,,,Raptor Supplies,,1749905261605105277,14,,,,,"https://www.google.com/search?q=mop+new&oq=mop+new&gl=br&hl=pt&udm=28&start=40&uule=w+CAIQICIGQnJhemls#oshopproduct=gid:4507115274770012085,mid:576462808311318217,oid:3705953614133358487,iid:17029430308905263882,pvt:hg,pvo:3&oshop=apv&pvs=0",2025-12-15 12:43:42,True,3.794117647058823,0.0,0.0,0.0,0.0,0.675,,0.27
google_shopping,mop,Esfregão Giratório Mop 360o 12 Litros Mop8209 Flashlimp,186.7,,,Shopee,Flashlimp,,15,3.9,11.0,,,"https://www.google.com/search?q=mop+new&oq=mop+new&gl=br&hl=pt&udm=28&start=40&uule=w+CAIQICIGQnJhemls#oshopproduct=oid:14754030927157276386,iid:10377054761430316804,rds:UENfNjIwOTk0ODIxOTQzMzQ3MDYwMHxQUk9EX1BDXzYyMDk5NDgyMTk0MzM0NzA2MDA=,pvt:hg,pvo:3&oshop=apv&pvs=0",2025-12-15 12:43:42,False,2.336670838548185,0.0,0.0,0.0,0.0,0.65,0.4199732552512468,0.38599197657537404
google_shopping,mop,Kit de Balde Mop 17 Litros com 2 Peças Twist Turbo com Cabo em Metal - Ref.BT1389 - BETTANIN,344.99,,,tupan.com.br,Bettanin,,16,4.9,123.0,,,"https://www.google.com/search?q=mop+new&oq=mop+new&gl=br&hl=pt&udm=28&start=40&uule=w+CAIQICIGQnJhemls#oshopproduct=oid:17664206165886531106,iid:16906921963761046242,rds:UENfMTQ3NTIwOTUxMjU2NTIxNjM4NzJ8UFJPRF9QQ18xNDc1MjA5NTEyNTY1MjE2Mzg3Mg==,pvt:hg,pvo:3&oshop=apv&pvs=0",2025-12-15 12:43:42,True,4.317772215269086,0.0,0.0,0.0,0.0,0.625,0.9800000000000001,0.544
google_shopping,mop,Esfregão Mop Giratório 360° com 2 Refil - Limpeza Triangular em Microfibra e Aço Inoxidável - Alcance Fácil de Cantos,49.9,70.0,,Shopee,,,17,4.6,313.0,,,"https://www.google.com/search?q=mop+new&oq=mop+new&gl=br&hl=pt&udm=28&start=40&uule=w+CAIQICIGQnJhemls#oshopproduct=oid:5729913721620423608,iid:1526056511304081807,rds:TE9fNTcyOTkxMzcyMTYyMDQyMzYwOHxQUk9EX0xPXzU3Mjk5MTM3MjE2MjA0MjM2MDg=,pvt:hg,pvo:3&oshop=apv&pvs=0",2025-12-15 12:43:42,False,0.6245306633291614,0.28714285714285714,1.0,0.9571428571428572,0.9871428571428571,0.6,0.9199999999999999,0.812142857142857
google_shopping,mop,Tough Guy 1tyu1 Wet Mop Antimicrobial Large White,116.64,,,Raptor Supplies,,16825307012389151480,18,,,,,"https://www.google.com/search?q=mop+new&oq=mop+new&gl=br&hl=pt&udm=28&start=40&uule=w+CAIQICIGQnJhemls#oshopproduct=gid:8404718885436180075,mid:576462845776187333,oid:11341830800919114580,iid:17853662534834309578,pvt:hg,pvo:3&oshop=apv&pvs=0",2025-12-15 12:43:42,False,1.4598247809762201,0.0,0.0803504380475597,0.0,0.05624530663329179,0.575,,0.2468735919899875
google_shopping,mop,Tough Guy 1tyl7 Wet Mop Large White Looped End,132.52,,,Raptor Supplies,,2466695834767622047,19,,,,,"https://www.google.com/search?q=mop+new&oq=mop+new&gl=br&hl=pt&udm=28&start=40&uule=w+CAIQICIGQnJhemls#oshopproduct=gid:9432973094390678440,mid:576462813536656635,oid:6445215739724584946,iid:4631919022089727567,pvt:hg,pvo:3&oshop=apv&pvs=0",2025-12-15 12:43:42,False,1.6585732165206508,0.0,0.0,0.0,0.0,0.55,,0.22000000000000003
google_shopping,mop,Tough Guy 6pvy6 Loop End Finish Mop Medium Red,146.34,,,Raptor Supplies,,2025365255313062578,20,,,,,"https://www.google.com/search?q=mop+new&oq=mop+new&gl=br&hl=pt&udm=28&start=40&uule=w+CAIQICIGQnJhemls#oshopproduct=gid:8391887477698892559,mid:576462874154727683,oid:16607219537767961250,iid:13440313701629234115,pvt:hg,pvo:3&oshop=apv&pvs=0",2025-12-15 12:43:42,False,1.8315394242803504,0.0,0.0,0.0,0.0,0.525,,0.21000000000000002
google_shopping,mop,Mop Giratório Flow Bege - Camicado,198.5,,,detudosoldout.com.br,,,21,,,,,"https://www.google.com/search?q=mop+new&oq=mop+new&gl=br&hl=pt&udm=28&start=40&uule=w+CAIQICIGQnJhemls#oshopproduct=oid:3194415971488564302,iid:16684285991507034797,pvt:hg,pvo:3&oshop=apv&pvs=0",2025-12-15 12:43:42,False,2.4843554443053817,0.0,0.0,0.0,0.0,0.5,,0.2
google_shopping,mop,Kit Novo Mop Facil PVA Limpeza Geral Magico Esfregão Rodo Celeste CLT-901A + 1 Refil CLT-905A,54.8,,,Shopee,Celeste,,22,4.7,15.0,,,"https://www.google.com/search?q=mop+new&oq=mop+new&gl=br&hl=pt&udm=28&start=40&uule=w+CAIQICIGQnJhemls#oshopproduct=oid:424754204836820273,iid:9455504613182842685,rds:UENfOTQ2NzQ1NTI1NTQzMzYyOTI3fFBST0RfUENfOTQ2NzQ1NTI1NTQzMzYyOTI3,pvt:hg,pvo:3&oshop=apv&pvs=0",2025-12-15 12:43:42,False,0.685857321652065,0.0,1.0,0.0,0.7,0.475,0.5647162169210667,0.56941486507632
google_shopping,mop,NOVO Mop Original Limpeza Geral Plus Lava E Seca CELESTE Dobravel Leve Compacto,33.9,,,Shopee,Celeste,,23,4.7,15.0,,,"https://www.google.com/search?q=mop+new&oq=mop+new&gl=br&hl=pt&udm=28&start=40&uule=w+CAIQICIGQnJhemls#oshopproduct=oid:3682705321846345920,iid:13714226007331306523,rds:UENfOTQ2NzQ1NTI1NTQzMzYyOTI3fFBST0RfUENfOTQ2NzQ1NTI1NTQzMzYyOTI3,pvt:hg,pvo:3&oshop=apv&pvs=0",2025-12-15 12:43:42,False,0.4242803504380475,0.0,1.0,0.0,0.7,0.45,0.5647162169210667,0.55941486507632
google_shopping,mop,Kit Mop Flash Limp Limpa Janelas Cabo Extensível + 1 Refil Verde,99.7,,,Mercado Livre,Flash Limp,,24,4.8,14.0,,,"https://www.google.com/search?q=mop+new&oq=mop+new&gl=br&hl=pt&udm=28&start=40&uule=w+CAIQICIGQnJhemls#oshopproduct=oid:5018947839365047338,iid:137023763725241726,rds:UENfOTg2NDM0NTE1NTkzMDEzNzEzNXxQUk9EX1BDXzk4NjQzNDUxNTU5MzAxMzcxMzU=,pvt:hg,pvo:3&oshop=apv&pvs=0",2025-12-15 12:43:42,False,1.2478097622027533,0.0,0.5043804755944934,0.0,0.35306633291614536,0.425,0.5633066749982644,0.44491190237432293
google_shopping,mop,3 Mini Mops Multiuso Mais Vendidos,31.92,,,Mercado Livre,,,25,,,,,"https://www.google.com/search?q=mop+new&oq=mop+new&gl=br&hl=pt&udm=28&start=40&uule=w+CAIQICIGQnJhemls#oshopproduct=oid:10007712625775705812,iid:9501459308740596801,pvt:hg,pvo:3&oshop=apv&pvs=0",2025-12-15 12:43:42,False,0.3994993742177722,0.0,1.0,0.0,0.7,0.4,,0.37
google_shopping,mop,Rodo Limpeza Esfregão Triangular Giratório: A Revolução Na,40.39,,,mercadolivre.com.br,,,26,,,,,"https://www.google.com/search?q=mop+new&oq=mop+new&gl=br&hl=pt&udm=28&start=40&uule=w+CAIQICIGQnJhemls#oshopproduct=oid:9572967900777858039,iid:6544640950667387609,pvt:hg,pvo:3&oshop=apv&pvs=0",2025-12-15 12:43:42,False,0.5055068836045056,0.0,1.0,0.0,0.7,0.375,,0.36
google_shopping,mop,Tough Guy 6dml8 Tube Mop Large Green 18 Inch,268.51,,,Raptor Supplies,,14525380577425982094,27,,,,,"https://www.google.com/search?q=mop+new&oq=mop+new&gl=br&hl=pt&udm=28&start=40&uule=w+CAIQICIGQnJhemls#oshopproduct=gid:10970318539035660307,mid:576462810764844966,oid:14282290570232573231,iid:15479117642697412693,pvt:hg,pvo:3&oshop=apv&pvs=0",2025-12-15 12:43:42,False,3.3605757196495616,0.0,0.0,0.0,0.0,0.35,,0.13999999999999999
google_shopping,mop,Mop Spray com Reservatório Embutido – Vassoura Mágica 2 em 1 para Limpeza Rápida (Cores Sortidas),41.0,,,Shopee,,,28,,,,,"https://www.google.com/search?q=mop+new&oq=mop+new&gl=br&hl=pt&udm=28&start=40&uule=w+CAIQICIGQnJhemls#oshopproduct=oid:3486920376761085997,iid:14469846356426309359,pvt:hg,pvo:3&oshop=apv&pvs=0",2025-12-15 12:43:42,False,0.5131414267834793,0.0,1.0,0.0,0.7,0.325,,0.33999999999999997
google_shopping,mop,Kit Mop Spray Mágico E Limpa Vidros 3 Em 1 Noviça Bettanin Verde,219.44,,,Mercado Livre,Bettanin,,29,,,,,"https://www.google.com/search?q=mop+new&oq=mop+new&gl=br&hl=pt&udm=28&start=40&uule=w+CAIQICIGQnJhemls#oshopproduct=oid:5088173680220245411,iid:5750707246098266185,pvt:hg,pvo:3&oshop=apv&pvs=0",2025-12-15 12:43:42,False,2.7464330413016267,0.0,0.0,0.0,0.0,0.3,,0.12
google_shopping,mop,Mini Esfregão Portátil Absorvente Auto-Squeeze Limpeza Multifuncional BO,13.99,,,Shopee,,,30,3.7,9.0,,,"https://www.google.com/search?q=mop+new&oq=mop+new&gl=br&hl=pt&udm=28&start=40&uule=w+CAIQICIGQnJhemls#oshopproduct=oid:16254116384854765157,iid:2042583625707358219,rds:TE9fMTYyNTQxMTYzODQ4NTQ3NjUxNTd8UFJPRF9MT18xNjI1NDExNjM4NDg1NDc2NTE1Nw==,pvt:hg,pvo:3&oshop=apv&pvs=0",2025-12-15 12:43:42,False,0.1750938673341677,0.0,1.0,0.0,0.7,0.275,0.36920226949605384,0.43076068084881614
google_shopping,mop,Mop Lustrador Com Cabo Extensor Microfibra,63.99,,,Shopee,,,31,5.0,1.0,,,"https://www.google.com/search?q=mop+new&oq=mop+new&gl=br&hl=pt&udm=28&start=40&uule=w+CAIQICIGQnJhemls#oshopproduct=oid:17872623782033130293,iid:12238804956451832807,rds:TE9fMTc4NzI2MjM3ODIwMzMxMzAyOTN8UFJPRF9MT18xNzg3MjYyMzc4MjAzMzEzMDI5Mw==,pvt:hg,pvo:3&oshop=apv&pvs=0",2025-12-15 12:43:42,False,0.8008760951188986,0.0,1.0,0.0,0.7,0.25,0.15019048322368794,0.3550571449671064
google_shopping,mop,Mop Giratório Balde 9 Litros Com Cesto Inox Cor Preto,83.64,,,Shopee,,,32,4.3,82.0,,,"https://www.google.com/search?q=mop+new&oq=mop+new&gl=br&hl=pt&udm=28&start=40&uule=w+CAIQICIGQnJhemls#oshopproduct=oid:15019607069572512953,iid:5785917111329439930,rds:Q0lEXzMwNzc3NDU4MTMyOTQ0OTcwODR8UFJPRF9DSURfMzA3Nzc0NTgxMzI5NDQ5NzA4NA==,pvt:hg,pvo:3&oshop=apv&pvs=0",2025-12-15 12:43:42,False,1.0468085106382978,0.0,0.9063829787234043,0.0,0.634468085106383,0.225,0.8234244173770913,0.5273677507450423
google_shopping,mop,Rodo Mágico Cabo Retratil Mop Esfregão Com 2 Refil Extra,98.91,,,Shopee,,,33,4.0,1.0,,,"https://www.google.com/search?q=mop+new&oq=mop+new&gl=br&hl=pt&udm=28&start=40&uule=w+CAIQICIGQnJhemls#oshopproduct=oid:9589346613521231903,iid:10745153208406631101,rds:UENfNzcwMzI4NjAwNjQxMTQ2Mjk5OXxQUk9EX1BDXzc3MDMyODYwMDY0MTE0NjI5OTk=,pvt:hg,pvo:3&oshop=apv&pvs=0",2025-12-15 12:43:42,False,1.2379224030037546,0.0,0.5241551939924909,0.0,0.3669086357947436,0.2,0.12015238657895036,0.2261183067121082
google_shopping,mop,Unger md400 Wet Flat Mop 16 Inch Green/white,202.6,,,Raptor Supplies,,17057145893810180421,34,4.3,3.0,,,"https://www.google.com/search?q=mop+new&oq=mop+new&gl=br&hl=pt&udm=28&start=40&uule=w+CAIQICIGQnJhemls#oshopproduct=gid:17646346096636307899,mid:576462900315654342,oid:11034998622809385929,iid:2552342063230629377,rds:UENfMTc2NDYzNDYwOTY2MzYzMDc4OTl8UFJPRF9QQ18xNzY0NjM0NjA5NjYzNjMwNzg5OQ==,pvt:hg,pvo:3&oshop=apv&pvs=0",2025-12-15 12:43:42,False,2.5356695869837296,0.0,0.0,0.0,0.0,0.175,0.2583276311447433,0.14749828934342296
google_shopping,mop,Mop Spray Essencial Borrifa Limpa e Seca Rayco,56.9,,,Shopee,Rayco,,35,4.7,1.0,,,"https://www.google.com/search?q=mop+new&oq=mop+new&gl=br&hl=pt&udm=28&start=40&uule=w+CAIQICIGQnJhemls#oshopproduct=oid:13422968772672920303,iid:6117388570572919728,rds:UENfMTAyMDk1NzYwMjE5NzEwOTgzNjF8UFJPRF9QQ18xMDIwOTU3NjAyMTk3MTA5ODM2MQ==,pvt:hg,pvo:3&oshop=apv&pvs=0",2025-12-15 12:43:42,False,0.7121401752190237,0.0,1.0,0.0,0.7,0.15,0.14117905423026667,0.31235371626908
google_shopping,mop,Mop Limpa Vidros Spray 3 Em 1 Rodinho Lava E Seca Noviça Cinza E Tiffany,62.99,,,mercadolivre.com.br,,,36,,,,,"https://www.google.com/search?q=mop+new&oq=mop+new&gl=br&hl=pt&udm=28&start=40&uule=w+CAIQICIGQnJhemls#oshopproduct=oid:11987047514153158396,iid:2046238078728609664,pvt:hg,pvo:3&oshop=apv&pvs=0",2025-12-15 12:43:42,False,0.7883604505632039,0.0,1.0,0.0,0.7,0.125,,0.26
google_shopping,mop,Rodo Mágico Vassoura Mop Esfregão Espuma PVA Limpeza Original Com Cabo Inox,69.52,,,Shopee,,,37,4.9,87.0,,,"https://www.google.com/search?q=mop+new&oq=mop+new&gl=br&hl=pt&udm=28&start=40&uule=w+CAIQICIGQnJhemls#oshopproduct=oid:9742343803819715629,iid:9850993168318952637,rds:UENfNjQ0OTAyNjMxMjc0MzEwNzQ4MXxQUk9EX1BDXzY0NDkwMjYzMTI3NDMxMDc0ODE=,pvt:hg,pvo:3&oshop=apv&pvs=0",2025-12-15 12:43:42,False,0.8700876095118898,0.0,1.0,0.0,0.7,0.1,0.9507422530304346,0.5352226759091303
google_shopping,mop,MOP Esfregão Triangular Giratório Limpeza Chão Teto Banheiro + Limpador de Vidros Janelas Magnético,89.9,,,Shopee,,,38,5.0,4.0,,,"https://www.google.com/search?q=mop+new&oq=mop+new&gl=br&hl=pt&udm=28&start=40&uule=w+CAIQICIGQnJhemls#oshopproduct=oid:3209390871158760730,iid:5291955032864190586,rds:TE9fMzIwOTM5MDg3MTE1ODc2MDczMHxQUk9EX0xPXzMyMDkzOTA4NzExNTg3NjA3MzA=,pvt:hg,pvo:3&oshop=apv&pvs=0",2025-12-15 12:43:42,False,1.1251564455569463,0.0,0.7496871088861075,0.0,0.5247809762202752,0.075,0.34873150258179014,0.29205374364061953
google_shopping,mop,Tough Guy 1tyy5 Looped End Finish Mop Large White,175.94,,,Raptor Supplies,,10728379186137511415,39,,,,,"https://www.google.com/search?q=mop+new&oq=mop+new&gl=br&hl=pt&udm=28&start=40&uule=w+CAIQICIGQnJhemls#oshopproduct=gid:9276390582187504055,mid:576462771857663148,oid:9252927400114144673,iid:1776481086774042049,pvt:hg,pvo:3&oshop=apv&pvs=0",2025-12-15 12:43:42,False,2.2020025031289108,0.0,0.0,0.0,0.0,0.05,,0.020000000000000004
google_shopping,mop,Masthome Large Microfiber Dust Mop,240.35,,,Ubuy,,17247138652225329471,40,,,,,"https://www.google.com/search?q=mop+new&oq=mop+new&gl=br&hl=pt&udm=28&start=40&uule=w+CAIQICIGQnJhemls#oshopproduct=gid:12698207886438229249,oid:5265015153683981700,iid:7699050897226519157,pvt:hg,pvo:3&oshop=apv&pvs=0",2025-12-15 12:43:42,False,3.0081351689612013,0.0,0.0,0.0,0.0,0.025,,0.010000000000000002
google_shopping,mop,Gala Floor T-Mop (143070),13.44,,,Velan Store,,,1,,,,,"https://www.google.com/search?q=mop+new&oq=mop+new&gl=br&hl=pt&udm=28&start=80&uule=w+CAIQICIGQnJhemls#oshopproduct=oid:3022512969529158870,iid:6551134943000934656,pvt:hg,pvo:3&oshop=apv&pvs=0",2025-12-15 12:43:42,False,0.16821026282853566,0.0,1.0,0.0,0.7,1.0,,0.61
google_shopping,mop,Mop Sek+ Brilhus Refil,53.74,,,Magazine Luiza,,7527320845255042258,2,5.0,20.0,,,"https://www.google.com/search?q=mop+new&oq=mop+new&gl=br&hl=pt&udm=28&start=80&uule=w+CAIQICIGQnJhemls#oshopproduct=gid:16142683847425499677,mid:576462791241582540,oid:409528600110333565,iid:15919504089391389320,rds:UENfMTYxNDI2ODM4NDc0MjU0OTk2Nzd8UFJPRF9QQ18xNjE0MjY4Mzg0NzQyNTQ5OTY3Nw==,pvt:hg,pvo:3&oshop=apv&pvs=0",2025-12-15 12:43:42,False,0.6725907384230287,0.0,1.0,0.0,0.7,0.975,0.6596842761989657,0.7979052828596898
google_shopping,mop,Kit Refil Mop Giratório FIT Tira Pó + Limpeza Pesada Flash Limp,49.9,,,Loja Casa Mix,Flash Limp,,3,4.9,304.0,,,"https://www.google.com/search?q=mop+new&oq=mop+new&gl=br&hl=pt&udm=28&start=80&uule=w+CAIQICIGQnJhemls#oshopproduct=oid:1593926973456779756,iid:10257166857164730308,rds:UENfMTE0MjI4NzM0Mzg1MTMyNjIyODd8UFJPRF9QQ18xMTQyMjg3MzQzODUxMzI2MjI4Nw==,pvt:hg,pvo:3&oshop=apv&pvs=0",2025-12-15 12:43:42,False,0.6245306633291614,0.0,1.0,0.0,0.7,0.95,0.9800000000000001,0.884
google_shopping,mop,YAMAZAKI(CONDOR) MO671-000J-MB JP Snap Mop suitable for wet wiping (230mm x 1420mm),155.34,,,qtetech.com,Condor,,4,,,,,"https://www.google.com/search?q=mop+new&oq=mop+new&gl=br&hl=pt&udm=28&start=80&uule=w+CAIQICIGQnJhemls#oshopproduct=oid:2540713229350024078,iid:14759596634531691201,pvt:hg,pvo:3&oshop=apv&pvs=0",2025-12-15 12:43:42,False,1.9441802252816018,0.0,0.0,0.0,0.0,0.925,,0.37000000000000005
google_shopping,mop,Mop Esfregão Giratório Com Cesto Inox Elomio,79.9,,,Móveis Linhares,,9995235937847736493,5,4.9,15.0,,,"https://www.google.com/search?q=mop+new&oq=mop+new&gl=br&hl=pt&udm=28&start=80&uule=w+CAIQICIGQnJhemls#oshopproduct=gid:6222195557447184537,mid:576462784502367147,oid:13606590939759677828,iid:17998627610890839961,rds:UENfNjIyMjE5NTU1NzQ0NzE4NDUzN3xQUk9EX1BDXzYyMjIxOTU1NTc0NDcxODQ1Mzc=,pvt:hg,pvo:3&oshop=apv&pvs=0",2025-12-15 12:43:42,False,1.0,0.0,1.0,0.0,0.7,0.9,0.5887466942368568,0.746624008271057
google_shopping,mop,Rodo Mágico Original Esfregão Limpeza Refil Espuma Pva,169.9,,,VendasShop - Utensílios de Limpeza,,16483940785950003420,6,5.0,42.0,,,"https://www.google.com/search?q=mop+new&oq=mop+new&gl=br&hl=pt&udm=28&start=80&uule=w+CAIQICIGQnJhemls#oshopproduct=gid:2411200659075642469,mid:576462868291399583,oid:10122940447355998556,iid:1277884613896098736,rds:UENfMjQxMTIwMDY1OTA3NTY0MjQ2OXxQUk9EX1BDXzI0MTEyMDA2NTkwNzU2NDI0Njk=,pvt:hg,pvo:3&oshop=apv&pvs=0",2025-12-15 12:43:42,False,2.126408010012516,0.0,0.0,0.0,0.0,0.875,0.8149733256083747,0.5944919976825125
google_shopping,mop,vendasshop Rodo Mágico Mop Esfregão Com Balde Bacia Retrátil e Alça,144.9,162.0,,VendasShop - Utensílios de Limpeza,,2323718334113804215,7,,,,,"https://www.google.com/search?q=mop+new&oq=mop+new&gl=br&hl=pt&udm=28&start=80&uule=w+CAIQICIGQnJhemls#oshopproduct=gid:7831586518043401656,mid:576462776650067787,oid:16835406956496062112,iid:14904860928921379446,pvt:hg,pvo:3&oshop=apv&pvs=0",2025-12-15 12:43:42,False,1.8135168961201502,0.10555555555555551,0.0,0.35185185185185175,0.10555555555555553,0.85,,0.3716666666666667
google_shopping,mop,Kit Limpeza Perfeita Mop Flat + Rodo Mágico,109.9,,,Smart comercio - Utiliza utilidades,,,8,,,,,"https://www.google.com/search?q=mop+new&oq=mop+new&gl=br&hl=pt&udm=28&start=80&uule=w+CAIQICIGQnJhemls#oshopproduct=oid:4589211922180551348,iid:12043750989784614964,pvt:hg,pvo:3&oshop=apv&pvs=0",2025-12-15 12:43:42,False,1.3754693366708386,0.0,0.2490613266583228,0.0,0.17434292866082596,0.825,,0.3823028785982478
google_shopping,mop,xiaomi Robô Aspirador Ultrafino,2999.0,,,Mercado Livre,,492238603340996161,9,4.5,1.0,,,"https://www.google.com/search?q=mop+new&oq=mop+new&gl=br&hl=pt&udm=28&start=80&uule=w+CAIQICIGQnJhemls#oshopproduct=gid:15609987326935536272,mid:576462701041434121,oid:13108033830484273701,iid:6198219811526540308,rds:UENfMTU2MDk5ODczMjY5MzU1MzYyNzJ8UFJPRF9QQ18xNTYwOTk4NzMyNjkzNTUzNjI3Mg==,pvt:hg,pvo:3&oshop=apv&pvs=0",2025-12-15 12:43:42,True,37.53441802252816,0.0,0.0,0.0,0.0,0.8,0.13517143490131917,0.36055143047039584
